"Project","Sample ID","Barcode Sequence","# Reads","Yield (Mbases)","Mean Quality Score","% Bases >= 30"
"30-715344556","PSTOCK15-6547","CTCTCTAC+AGGCTTAG","123052263","36916","33.79","83.72"
"30-715344556","PCANN91H-68","TCCTGAGC+AGGCTTAG","100274758","30082","33.92","84.29"
"30-715344556","PSTOCK16-7558","AAGAGGCA+TATGCAGT","147761265","44328","33.8","83.94"
"30-715344556","PHOGAN16-8603","TCCTGAGC+AGAGGATA","97189819","29157","34.18","85.66"
"30-715344556","PSPRIN15-9915","TAAGGCGA+ATAGAGAG","79579557","23873","33.86","84.33"
"30-715344556","PAFK14-55","TAGGCATG+AGGCTTAG","137006672","41102","33.52","82.44"
"30-715344556","PVFDA15-52","TAGGCATG+TACTCCTT","88650281","26595","33.53","82.4"
"30-715344556","PAFK94H-78","AGGCAGAA+TCTACTCT","75961351","22788","34.26","86.06"
"30-715344556","PAFK13-191","CTCTCTAC+TATGCAGT","94177186","28253","34.1","85.48"
"30-715344556","PAFK91H-66","AGGCAGAA+GCGATCTA","95293254","28587","33.62","82.93"
"30-715344556","PAFK13-183","TAGGCATG+TATGCAGT","101696361","30509","33.72","83.73"
"30-715344556","PCANN91H-3","CAGAGAGG+TATGCAGT","108316672","32495","34.12","85.51"
"30-715344556","PSTOCK15-6541","CTCTCTAC+TACTCCTT","105462482","31639","33.54","82.61"
"30-715344556","PERB17-383","TAGGCATG+AGGCTTAG","158125154","47437","33.63","83.05"
"30-715344556","PDUCM91T-65","GTAGAGGA+AGAGGATA","81460108","24438","33.34","81.53"
"30-715344556","PERB17-318","TAGGCATG+GCGATCTA","116534796","34960","33.69","83.38"
"30-715344556","PHOGAN15-8447","AGGCAGAA+AGGCTTAG","118456191","35538","32.88","79.87"
"30-715344556","PSTOCK15-3607","GGACTCCT+AGAGGATA","114230070","34269","33.52","82.56"
"30-715344556","PAFK91H-55","TAAGGCGA+TATGCAGT","121154314","36346","34.01","85.07"
"30-715344556","PERBE91T-54","GTAGAGGA+TATGCAGT","79683045","23904","33.52","82.43"
"30-715344556","PSPRIN15-2492","GCTACGCT+AGGCTTAG","73394744","22018","34.14","85.4"
"30-715344556","PDUCK13-5","GTAGAGGA+ATAGAGAG","120308480","36093","33.73","83.52"
"30-715344556","PERBL91T-9","CGTACTAG+CTCCTTAC","88368086","26510","33.65","82.88"
"30-715344556","PGREG94-18","GGACTCCT+AGGCTTAG","94939731","28482","33.52","82.28"
"30-715344556","PGREG94-4","TCCTGAGC+ATAGAGAG","111821651","33546","33.49","82.23"
"30-715344556","PHOGAN15-2215","AAGAGGCA+TCTACTCT","84751832","25426","34.25","85.85"
"30-715344556","PERB17-3","CGTACTAG+TATGCAGT","142937880","42882","33.97","84.57"
"30-715344556","PCANN14-7","GCTACGCT+TATGCAGT","43298787","12989","33.98","84.72"
"30-715344556","PGREG94-2","AGGCAGAA+AGGCTTAG","103633676","31090","33.4","81.74"
"30-715344556","PGREG14L-9","CGAGGCTG+TCTACTCT","79549652","23864","34.2","85.54"
"30-715344556","PVFDA94H-67","CGAGGCTG+AGAGGATA","90442384","27133","34.05","84.93"
"30-715344556","PDUCK94T-4","CTCTCTAC+GCGATCTA","85097426","25530","33.49","81.88"
"30-715344556","PSTOCK16-8103","GTAGAGGA+CTCCTTAC","148690286","44607","33.61","83.08"
"30-715344556","PSPRIN15-2458","GCTACGCT+CTCCTTAC","48361196","14508","33.66","83.23"
"30-715344556","PSTOCK15-6864","CAGAGAGG+ATAGAGAG","106344280","31903","33.59","82.86"
"30-715344556","PAFK14-58","CTCTCTAC+AGAGGATA","124334309","37300","33.78","83.94"
"30-715344556","PVFDA94H-54","CTCTCTAC+TATGCAGT","93264621","27980","33.9","84.25"
"30-715344556","PDUCK94T-10","CTCTCTAC+TACTCCTT","119442225","35833","33.61","82.76"
"30-715344556","PSTOCK15-8308","CGAGGCTG+ATAGAGAG","61626915","18488","33.78","83.74"
"30-715344556","PDUCK14L-43","CGTACTAG+AGAGGATA","90451264","27136","34.02","84.82"
"30-715344556","PGREG14E-14","CAGAGAGG+GCGATCTA","78611880","23583","34.02","84.81"
"30-715344556","PSTOCK15-2905","TCCTGAGC+TATGCAGT","112324110","33697","33.85","84.02"
"30-715344556","PSTOCK16-3482","CAGAGAGG+ATAGAGAG","127834947","38351","33.73","83.63"
"30-715344556","PVFDA15-105","CAGAGAGG+AGAGGATA","106280912","31884","33.74","83.39"
"30-715344556","PSTOCK15-1355","CGTACTAG+TCTACTCT","99784886","29935","34.17","85.28"
"30-715344556","PVFDA14-103","CAGAGAGG+AGAGGATA","103880581","31165","34.07","84.94"
"30-715344556","PDUCK14E-8","CGAGGCTG+AGGCTTAG","97435179","29230","33.91","84.15"
"30-715344556","PVFDA15-155","GCTACGCT+AGAGGATA","69913643","20974","33.72","83.22"
"30-715344556","PERB17-187","TCCTGAGC+CTCCTTAC","84025419","25207","33.2","80.88"
"30-715344556","PVFDE91H-8","AGGCAGAA+GCGATCTA","101140806","30341","33.6","82.57"
"30-715344556","PVFDA14-176","TAAGGCGA+AGGCTTAG","88045953","26413","33.54","82.26"
"30-715344556","PSPRIN14-189","CTCTCTAC+CTCCTTAC","94226717","28268","33.99","84.79"
"30-715344556","PAFK13-176","GGACTCCT+TACTCCTT","113304062","33991","33.7","83.6"
"30-715344556","PAFK91H-67","AGGCAGAA+ATAGAGAG","110786706","33236","33.61","83.21"
"30-715344556","PSPRIN14-237","CAGAGAGG+TATGCAGT","47599764","14280","34.37","86.54"
"30-715344556","NTC-63223-1","GTAGAGGA+TACTCCTT","1018110","306","32.6","78.3"
"30-715344556","PHOGAN15-6825","CGTACTAG+TACTCCTT","129831283","38949","33.77","83.77"
"30-715344556","PSPRIN14-157","TAGGCATG+TACTCCTT","109628888","32889","33.79","83.8"
"30-715344556","PCANN14-42","CAGAGAGG+ATAGAGAG","91323585","27397","33.95","84.55"
"30-715344556","PHOGAN15-3289","GTAGAGGA+ATAGAGAG","79007607","23702","33.68","83.53"
"30-715344556","PVFDA15-2","GGACTCCT+TATGCAGT","97263235","29179","33.79","83.67"
"30-715344556","PAFK94H-81","AGGCAGAA+TACTCCTT","121595976","36479","33.63","83.09"
"30-715344556","PDUCM91T-68","GTAGAGGA+TATGCAGT","94847306","28454","33.53","82.44"
"30-715344556","PDUCK14E-5","CGAGGCTG+CTCCTTAC","65762665","19729","33.72","83.28"
"30-715344556","PVFDA15-106","CAGAGAGG+TCTACTCT","90756672","27227","33.88","83.94"
"30-715344556","PAFK94H-100","TAGGCATG+ATAGAGAG","81597478","24479","34.02","84.84"
"30-715344556","PSPRIN15-4939","CGAGGCTG+TATGCAGT","81867828","24561","34.17","85.58"
"30-715344556","PGREG14L-1","GCTACGCT+TCTACTCT","20308553","6093","34.27","85.96"
"30-715344556","PVFDE91H-7","CGTACTAG+AGGCTTAG","100066071","30020","33.8","83.56"
"30-715344556","PSTOCK16-212","TCCTGAGC+TCTACTCT","12850268","3855","31.84","75.42"
"30-715344556","PCANN15-106","AGGCAGAA+CTCCTTAC","83095939","24929","33.35","81.56"
"30-715344556","PSTOCK15-3928","GGACTCCT+TATGCAGT","123767148","37131","33.77","83.45"
"30-715344556","PSTOCK15-3764","GGACTCCT+TCTACTCT","100862184","30258","34","84.69"
"30-715344556","PCANN91H-5","TAAGGCGA+GCGATCTA","98052392","29415","33.72","83.44"
"30-715344556","PAFK94H-74","CGTACTAG+AGGCTTAG","119276536","35782","34","84.75"
"30-715344556","PDUCK13-14","TAAGGCGA+TCTACTCT","90288363","27087","33.97","84.69"
"30-715344556","PDUCK13-52","AGGCAGAA+ATAGAGAG","139446822","41834","33.81","83.85"
"30-715344556","PDUCK13-62","AGGCAGAA+TACTCCTT","67503736","20251","34","84.78"
"30-715344556","PCANN14-14","CGAGGCTG+CTCCTTAC","90609084","27182","34.09","85.37"
"30-715344556","PAFK14-75","CAGAGAGG+CTCCTTAC","97701783","29310","33.84","84.16"
"30-715344556","PSTOCK16-1833","GGACTCCT+CTCCTTAC","62625801","18788","35.5","91.4"
"30-715344556","PCANN14-3","GCTACGCT+ATAGAGAG","39511012","11853","34","84.87"
"30-715344556","PVFDE91H-17","TCCTGAGC+ATAGAGAG","95194647","28558","33.64","82.85"
"30-715344556","PCANN91H-60","AGGCAGAA+AGGCTTAG","109710983","32913","33.74","83.4"
"30-715344556","PHOGAN15-694","GCTACGCT+TCTACTCT","47478025","14243","34.44","86.77"
"30-715344556","PERBE91T-1","AAGAGGCA+ATAGAGAG","109283117","32785","33.31","81.35"
"30-715344556","PSPRIN14-196","CTCTCTAC+TATGCAGT","108001366","32400","34.03","85.03"
"30-715344556","PHOGAN16-984","AAGAGGCA+AGAGGATA","62031393","18610","32.42","77.84"
"30-715344556","PHOGAN16-12004","TAGGCATG+TCTACTCT","37046528","11114","33.88","84.35"
"30-715344556","PSTOCK16-7001","GCTACGCT+TCTACTCT","16503912","4951","34.15","85.38"
"30-715344556","PVFDA14-175","TAAGGCGA+TACTCCTT","110844315","33253","33.42","81.9"
"30-715344556","PVFDA15-109","CAGAGAGG+TACTCCTT","124952604","37486","33.75","83.42"
"30-715344556","PERBL91T-54","AGGCAGAA+GCGATCTA","94467742","28341","33.47","81.96"
"30-715344556","PGREG14E-1","CTCTCTAC+ATAGAGAG","74926946","22478","33.77","83.74"
"30-715344556","NTC-63217-1","GTAGAGGA+AGGCTTAG","7422135","2226","34.53","87.41"
"30-715344556","PSTOCK15-7644","GCTACGCT+AGAGGATA","71025701","21308","34.01","84.68"
"30-715344556","PHOGAN16-9625","GGACTCCT+GCGATCTA","95020900","28506","33.81","83.72"
"30-715344556","PERBL91T-5","CGTACTAG+GCGATCTA","82031507","24610","33.5","82.01"
"30-715344556","PDUCK13-58","AGGCAGAA+TCTACTCT","111982401","33594","34.05","84.88"
"30-715344556","PDUCM91T-67","GTAGAGGA+CTCCTTAC","96178977","28854","33.38","81.68"
"30-715344556","PDUCK14L-38","TAAGGCGA+TATGCAGT","138863241","41659","33.79","83.87"
"30-715344556","PAFK91H-18","TAAGGCGA+GCGATCTA","76737323","23021","33.56","82.39"
"30-715344556","PAFK13-192","CTCTCTAC+TACTCCTT","103618942","31086","33.75","83.83"
"30-715344556","PERB17-45","AGGCAGAA+ATAGAGAG","89569109","26870","33.39","81.86"
"30-715344556","PERB17-245","GGACTCCT+ATAGAGAG","84322325","25297","32.73","79.29"
"30-715344556","PSTOCK16-1997","GGACTCCT+TACTCCTT","27856108","8356","32.32","77.57"
"30-715344556","PHOGAN15-114","CTCTCTAC+TACTCCTT","128575787","38573","33.92","84.44"
"30-715344556","PSTOCK15-7576","GCTACGCT+GCGATCTA","72268024","21680","34.11","85.11"
"30-715344556","PDUCM91T-13","GCTACGCT+TACTCCTT","57802568","17340","33.84","83.64"
"30-715344556","PAFK94H-66","TAAGGCGA+AGGCTTAG","115058743","34518","33.73","83.42"
"30-715344556","PAFK91H-12","GTAGAGGA+ATAGAGAG","127249521","38175","33.86","84.28"
"30-715344556","PVFDA14-125","CAGAGAGG+CTCCTTAC","91591745","27477","33.91","84.29"
"30-715344556","PERB17-324","TAGGCATG+ATAGAGAG","129292536","38788","33.47","82.35"
"30-715344556","PERB17-372","TAGGCATG+TATGCAGT","119101801","35730","33.45","82.26"
"30-715344556","PVFDE91H-9","AGGCAGAA+ATAGAGAG","105079189","31524","33.54","82.38"
"30-715344556","PAFK14-66","CAGAGAGG+AGAGGATA","110345961","33104","33.7","83.52"
"30-715344556","PGREG94-8","TCCTGAGC+TATGCAGT","93420397","28026","33.52","82.39"
"30-715344556","PCANN15-55","CGTACTAG+TCTACTCT","70585412","21176","33.92","84.13"
"30-715344556","PERB17-272","GGACTCCT+TATGCAGT","76830683","23050","33.53","82.6"
"30-715344556","PHOGAN16-10079","GGACTCCT+AGAGGATA","131883340","39564","33.78","83.83"
"30-715344556","PDUCK94T-11","CTCTCTAC+AGGCTTAG","108173742","32452","33.69","83.08"
"30-715344556","PCANN14-28","AAGAGGCA+TCTACTCT","93376427","28014","34.01","85"
"30-715344556","PSTOCK15-7477","CAGAGAGG+AGGCTTAG","121375757","36413","33.91","84.29"
"30-715344556","PGREG94-66","CTCTCTAC+AGGCTTAG","100844977","30254","33.44","81.96"
"30-715344556","PSPRIN14-147","TAGGCATG+AGAGGATA","135402818","40621","33.8","83.94"
"30-715344556","PHOGAN15-3748","GTAGAGGA+TATGCAGT","98060831","29418","33.83","84.06"
"30-715344556","PSTOCK16-8049","GTAGAGGA+AGAGGATA","143282496","42985","33.72","83.56"
"30-715344556","PCANN15-59","CGTACTAG+AGGCTTAG","92061304","27618","32.69","78.7"
"30-715344556","PVFDA94H-18","CTCTCTAC+ATAGAGAG","106606736","31982","33.64","83.08"
"30-715344556","PERB17-271","GGACTCCT+CTCCTTAC","114286662","34286","33.46","82.35"
"30-715344556","PSTOCK16-8672","TAAGGCGA+ATAGAGAG","108602008","32581","33.53","82.62"
"30-715344556","PCANN91H-13","CGTACTAG+GCGATCTA","77983349","23395","33.78","83.58"
"30-715344556","PSTOCK15-762","TAAGGCGA+AGGCTTAG","136472764","40942","33.39","81.97"
"30-715344556","PVFDA94H-58","GCTACGCT+ATAGAGAG","44590000","13378","33.93","84.24"
"30-715344556","PHOGAN16-4320","TAAGGCGA+GCGATCTA","120226744","36067","33.46","81.87"
"30-715344556","PSTOCK16-7945","GTAGAGGA+GCGATCTA","110608693","33183","33.75","83.64"
"30-715344556","PCANN14-36","GTAGAGGA+TCTACTCT","86715685","26015","33.93","84.68"
"30-715344556","PAFK94H-70","CGTACTAG+TCTACTCT","66723263","20017","34.35","86.45"
"30-715344556","PAFK13-163","TCCTGAGC+AGGCTTAG","130231049","39069","33.82","84.12"
"30-715344556","PSTOCK15-7663","GCTACGCT+TCTACTCT","44279414","13284","34.16","85.26"
"30-715344556","PHOGAN16-12206","TAGGCATG+TACTCCTT","115618413","34685","33.91","84.36"
"30-715344556","PHOGAN15-6288","CGTACTAG+TCTACTCT","76397023","22919","34.21","85.82"
"30-715344556","PSPRIN15-9960","TAAGGCGA+TATGCAGT","114135912","34241","33.75","83.84"
"30-715344556","PHOGAN15-45","CTCTCTAC+CTCCTTAC","99597350","29879","34.02","84.89"
"30-715344556","PGREG14L-8","CGAGGCTG+AGAGGATA","61709035","18513","33.94","84.51"
"30-715344556","PVFDE91H-52","TCCTGAGC+CTCCTTAC","81564741","24469","32.71","78.28"
"30-715344556","PDUCK13-78","TCCTGAGC+ATAGAGAG","135573328","40672","33.9","84.37"
"30-715344556","PAFK91H-14","GTAGAGGA+TCTACTCT","86105922","25832","34.09","85.38"
"30-715344556","PCANN14-30","AAGAGGCA+TATGCAGT","96929385","29079","33.76","83.93"
"30-715344556","PHOGAN16-7935","AGGCAGAA+TCTACTCT","102470079","30741","34.09","85.19"
"30-715344556","PDUCK13-19","CGTACTAG+GCGATCTA","107671844","32302","34.04","84.96"
"30-715344556","PSPRIN14-138","GGACTCCT+CTCCTTAC","90341589","27103","34.11","85.2"
"30-715344556","PAFK91H-58","CGTACTAG+GCGATCTA","80614167","24185","33.82","83.77"
"30-715344556","PVFDA14-26","AAGAGGCA+AGAGGATA","96221975","28866","33.6","82.86"
"30-715344556","PDUCM91T-17","CGAGGCTG+AGAGGATA","78857220","23657","33.84","83.64"
"30-715344556","PAFK91H-59","CGTACTAG+ATAGAGAG","101505672","30452","33.96","84.82"
"30-715344556","PDUCK13-72","AGGCAGAA+AGGCTTAG","108625364","32588","34.21","85.67"
"30-715344556","PGREG94-61","CTCTCTAC+AGAGGATA","102267876","30680","33.53","82.41"
"30-715344556","PSPRIN15-4878","CGAGGCTG+AGAGGATA","96175202","28852","34","84.81"
"30-715344556","PERB17-347","TAGGCATG+AGAGGATA","139502503","41851","33.48","82.45"
"30-715344556","PVFDA14-177","CGTACTAG+GCGATCTA","94372216","28312","33.58","82.29"
"30-715344556","PHOGAN15-4380","TAAGGCGA+ATAGAGAG","144452670","43335","33.78","83.93"
"30-715344556","PAFK94H-96","GGACTCCT+TATGCAGT","94191816","28258","33.74","83.75"
"30-715344556","PERB17-123","AGGCAGAA+TACTCCTT","61193407","18358","32.33","77.42"
"30-715344556","PVFDA14-25","AAGAGGCA+ATAGAGAG","94832699","28450","33.34","81.66"
"30-715344556","PCANN15-159","GGACTCCT+GCGATCTA","83159421","24947","33.72","83.3"
"30-715344556","PVFDA14-126","CAGAGAGG+TATGCAGT","95511465","28653","34.16","85.37"
"30-715344556","PAFK13-190","CTCTCTAC+CTCCTTAC","94102434","28231","33.93","84.6"
"30-715344556","PVFDA14-2","CGAGGCTG+TATGCAGT","90616535","27184","34.05","84.91"
"30-715344556","PGREG94-12","GGACTCCT+ATAGAGAG","113540552","34062","33.48","82.21"
"30-715344556","PHOGAN15-8043","AGGCAGAA+TACTCCTT","113787485","34136","33.44","82.29"
"30-715344556","PAFK94H-84","TCCTGAGC+ATAGAGAG","106660187","31998","33.85","84.15"
"30-715344556","PDUCM91T-60","AAGAGGCA+TATGCAGT","83189420","24957","33.55","82.47"
"30-715344556","PHOGAN15-88","CTCTCTAC+TATGCAGT","116318878","34896","34.17","85.61"
"30-715344556","PCANN15-156","TCCTGAGC+TATGCAGT","85523668","25657","33.77","83.54"
"30-715344556","PHOGAN15-2115","AAGAGGCA+GCGATCTA","91199351","27359","33.72","83.18"
"30-715344556","PHOGAN15-6867","CGTACTAG+AGGCTTAG","159565562","47869","33.88","84.22"
"30-715344556","PVFDA15-108","CAGAGAGG+TATGCAGT","102098866","30630","33.8","83.67"
"30-715344556","PSPRIN14-139","GGACTCCT+TATGCAGT","119670894","35901","34.08","85.23"
"30-715344556","PCANN15-1","TAAGGCGA+GCGATCTA","87148116","26145","33.38","81.64"
"30-715344556","PDUCK94T-65","CGAGGCTG+TATGCAGT","71342050","21402","33.82","83.71"
"30-715344556","PCANN15-2","TAAGGCGA+ATAGAGAG","92289329","27687","33.56","82.43"
"30-715344556","PAFK14-83","GCTACGCT+CTCCTTAC","61913609","18574","34.11","85.27"
"30-715344556","PAFK91H-54","TAAGGCGA+CTCCTTAC","126367982","37911","33.77","83.94"
"30-715344556","PDUCK13-6","GTAGAGGA+AGAGGATA","125225699","37568","33.52","82.54"
"30-715344556","PAFK13-151","AGGCAGAA+TCTACTCT","82222595","24667","34.11","85.41"
"30-715344556","PSPRIN15-7444","AAGAGGCA+TATGCAGT","99148423","29744","33.79","83.85"
"30-715344556","PGREG14L-4","GCTACGCT+TACTCCTT","35773944","10732","34","84.72"
"30-715344556","PAFK14-62","CTCTCTAC+TACTCCTT","119533769","35860","33.63","83.21"
"30-715344556","PAFK13-187","CTCTCTAC+ATAGAGAG","86437374","25931","34.03","85.17"
"30-715344556","PAFK14-65","CAGAGAGG+ATAGAGAG","108428225","32529","33.58","82.66"
"30-715344556","NTC-63216-1","TCCTGAGC+TCTACTCT","87347457","26204","34.35","86.2"
"30-715344556","PDUCM91T-1","CAGAGAGG+AGAGGATA","94847540","28454","33.79","83.52"
"30-715344556","PAFK94H-89","TCCTGAGC+TACTCCTT","58552380","17566","31.87","73.6"
"30-715344556","PDUCK13-9","GTAGAGGA+TATGCAGT","130954096","39286","33.92","84.29"
"30-715344556","PSTOCK15-1530","CGTACTAG+TACTCCTT","101402186","30421","33.79","83.68"
"30-715344556","PVFDA15-107","CAGAGAGG+CTCCTTAC","86657709","25998","33.59","82.68"
"30-715344556","PSPRIN15-7416","AAGAGGCA+CTCCTTAC","95321212","28597","33.71","83.43"
"30-715344556","PAFK91H-8","AAGAGGCA+TATGCAGT","91755878","27527","33.85","84.19"
"30-715344556","PDUCM91T-14","GCTACGCT+AGGCTTAG","52799094","15839","33.7","83.01"
"30-715344556","PERBL91T-4","TAAGGCGA+AGGCTTAG","113584085","34075","33.28","81.11"
"30-715344556","PDUCK14L-39","TAAGGCGA+TACTCCTT","128711820","38613","33.76","83.68"
"30-715344556","PAFK14-78","CAGAGAGG+AGGCTTAG","125173040","37552","33.77","83.82"
"30-715344556","PDUCK94T-53","GCTACGCT+ATAGAGAG","57018663","17106","33.88","83.89"
"30-715344556","PHOGAN15-2398","AAGAGGCA+CTCCTTAC","108625660","32587","33.75","83.71"
"30-715344556","PHOGAN16-9434","TCCTGAGC+AGGCTTAG","75601176","22680","32.86","79.75"
"30-715344556","PSPRIN15-4951","CGAGGCTG+TACTCCTT","102858650","30858","33.96","84.64"
"30-715344556","PAFK94H-71","CGTACTAG+CTCCTTAC","115109420","34533","33.9","84.31"
"30-715344556","PERBL91T-7","CGTACTAG+AGAGGATA","97101889","29130","33.62","82.7"
"30-715344556","PSTOCK16-1193","GGACTCCT+GCGATCTA","131629167","39490","33.99","84.68"
"30-715344556","PVFDA15-6","TAGGCATG+ATAGAGAG","97821952","29347","33.58","82.67"
"30-715344556","PDUCK94T-12","CAGAGAGG+GCGATCTA","98284578","29485","33.58","82.45"
"30-715344556","PERBE91T-9","GTAGAGGA+ATAGAGAG","111970722","33591","33.41","81.92"
"30-715344556","PSPRIN15-9944","TAAGGCGA+TCTACTCT","80467235","24140","34.08","85.3"
"30-715344556","PSTOCK16-5582","CGAGGCTG+GCGATCTA","61987574","18596","34.8","88.28"
"30-715344556","PAFK14-82","GCTACGCT+TCTACTCT","63109562","18933","34.4","86.6"
"30-715344556","PVFDA15-3","GGACTCCT+TACTCCTT","110302875","33091","33.64","82.92"
"30-715344556","PDUCK14L-42","CGTACTAG+ATAGAGAG","105402006","31620","33.88","84.19"
"30-715344556","PHOGAN16-4008","GTAGAGGA+TACTCCTT","125988743","37796","33.38","82"
"30-715344556","PHOGAN16-6513","CGTACTAG+ATAGAGAG","63241387","18973","33.6","83.08"
"30-715344556","PAFK14-57","CTCTCTAC+ATAGAGAG","121528898","36459","33.6","83.13"
"30-715344556","PSTOCK15-5175","TAGGCATG+TACTCCTT","74832113","22450","33.12","80.71"
"30-715344556","PHOGAN15-4924","TAAGGCGA+CTCCTTAC","112011498","33603","33.7","83.52"
"30-715344556","PAFK14-77","CAGAGAGG+TACTCCTT","142910834","42873","33.95","84.69"
"30-715344556","NTC-63220-1","CAGAGAGG+AGGCTTAG","92504013","27751","34.37","86.61"
"30-715344556","PHOGAN16-3233","GTAGAGGA+CTCCTTAC","88219183","26466","33.31","81.73"
"30-715344556","PSPRIN15-2509","CGAGGCTG+ATAGAGAG","111608979","33483","33.93","84.38"
"30-715344556","PHOGAN15-1725","CGAGGCTG+AGGCTTAG","101343824","30403","34.23","85.76"
"30-715344556","PCANN14-6","GCTACGCT+CTCCTTAC","44657863","13397","33.83","84.09"
"30-715344556","PHOGAN15-1039","CGAGGCTG+GCGATCTA","77024899","23108","34.05","84.69"
"30-715344556","PSPRIN14-201","CTCTCTAC+TACTCCTT","109403633","32821","33.96","84.57"
"30-715344556","PVFDA15-8","TAGGCATG+TCTACTCT","72981770","21894","33.78","83.37"
"30-715344556","PERBE91T-57","TAAGGCGA+ATAGAGAG","102170337","30651","33.36","81.69"
"30-715344556","PERBE91T-52","GTAGAGGA+TCTACTCT","93283876","27985","33.67","83.07"
"30-715344556","PSPRIN14-225","CAGAGAGG+AGAGGATA","82517760","24756","34.34","86.39"
"30-715344556","PSTOCK15-4653","TAGGCATG+AGAGGATA","104033374","31210","33.54","82.59"
"30-715344556","PSTOCK15-2498","AGGCAGAA+TACTCCTT","116005292","34802","33.5","82.36"
"30-715344556","PHOGAN15-2172","AAGAGGCA+ATAGAGAG","101553682","30466","33.42","81.97"
"30-715344556","PGREG14E-24","CAGAGAGG+AGGCTTAG","60817207","18245","34.06","85.05"
"30-715344556","PGREG94-60","CTCTCTAC+ATAGAGAG","114531061","34360","33.46","82.1"
"30-715344556","PSTOCK15-1546","CGTACTAG+AGGCTTAG","116165371","34850","33.95","84.42"
"30-715344556","PVFDA15-157","GCTACGCT+CTCCTTAC","46205745","13862","33.76","83.32"
"30-715344556","PCANN15-107","AGGCAGAA+TATGCAGT","144097404","43230","33.45","82.06"
"30-715344556","PHOGAN16-8194","AGGCAGAA+TACTCCTT","125359876","37608","33.69","83.36"
"30-715344556","PCANN91H-66","TCCTGAGC+TATGCAGT","97203102","29161","33.87","84.04"
"30-715344556","PERB17-64","AGGCAGAA+AGAGGATA","98169260","29451","33.43","82.08"
"30-715344556","PVFDE91H-2","CGTACTAG+AGAGGATA","94956355","28487","33.72","83.22"
"30-715344556","PCANN91H-54","AGGCAGAA+ATAGAGAG","94359310","28308","33.54","82.44"
"30-715344556","PAFK14-63","CTCTCTAC+AGGCTTAG","92750283","27824","33.81","83.93"
"30-715344556","PDUCK14E-22","GTAGAGGA+GCGATCTA","75706396","22712","33.7","83.31"
"30-715344556","NTC-63222-1","GTAGAGGA+AGGCTTAG","1273302","382","32.88","79.49"
"30-715344556","PAFK14-64","CAGAGAGG+GCGATCTA","103997475","31199","33.73","83.45"
"30-715344556","PVFDA94H-59","GCTACGCT+AGAGGATA","50480735","15145","33.95","84.37"
"30-715344556","PDUCK94T-56","GCTACGCT+CTCCTTAC","55798336","16739","33.82","83.57"
"30-715344556","PVFDE91H-5","CGTACTAG+TATGCAGT","95933775","28780","33.82","83.71"
"30-715344556","PSPRIN15-7394","AAGAGGCA+TCTACTCT","108783793","32635","34.1","85.23"
"30-715344556","PVFDE91H-61","GGACTCCT+TATGCAGT","87730085","26319","33.59","82.69"
"30-715344556","PSTOCK15-1765","AGGCAGAA+ATAGAGAG","87268869","26180","33.5","82.2"
"30-715344556","PGREG14E-26","GCTACGCT+GCGATCTA","41190564","12357","34.03","84.81"
"30-715344556","PDUCK13-15","TAAGGCGA+CTCCTTAC","108330817","32499","33.88","84.25"
"30-715344556","PDUCK13-73","TCCTGAGC+GCGATCTA","71276399","21383","33.82","83.87"
"30-715344556","PSTOCK15-772","CGTACTAG+GCGATCTA","92745089","27823","33.77","83.63"
"30-715344556","PSPRIN14-103","GGACTCCT+AGAGGATA","94041336","28213","33.96","84.59"
"30-715344556","PCANN15-155","TCCTGAGC+CTCCTTAC","70947492","21284","32.88","79.24"
"30-715344556","PHOGAN15-7485","AGGCAGAA+TATGCAGT","99892822","29968","33.39","82.17"
"30-715344556","PVFDE91H-59","GGACTCCT+TCTACTCT","78187039","23456","33.84","83.67"
"30-715344556","PSTOCK16-4543","CAGAGAGG+AGGCTTAG","1216188","365","31.55","73.93"
"30-715344556","PAFK91H-56","TAAGGCGA+TACTCCTT","156048450","46814","33.81","84.14"
"30-715344556","PSPRIN15-9911","TAAGGCGA+GCGATCTA","75071739","22522","33.5","82.08"
"30-715344556","PERBE91T-4","AAGAGGCA+CTCCTTAC","90391731","27118","33.59","82.66"
"30-715344556","PERB17-257","GGACTCCT+AGAGGATA","139357225","41808","33.6","82.8"
"30-715344556","PDUCK94T-59","GCTACGCT+AGGCTTAG","74909935","22473","33.91","83.99"
"30-715344556","PHOGAN16-710","CGAGGCTG+TATGCAGT","102090054","30627","34.1","85.14"
"30-715344556","PDUCM91T-61","AAGAGGCA+TACTCCTT","101767105","30530","33.53","82.41"
"30-715344556","PAFK14-85","GCTACGCT+TACTCCTT","79310253","23793","34.08","85.12"
"30-715344556","PSPRIN14-55","TCCTGAGC+AGGCTTAG","120962502","36289","33.76","83.76"
"30-715344556","PCANN14-13","CGAGGCTG+TCTACTCT","77280774","23185","34.34","86.49"
"30-715344556","PSTOCK15-1019","CGTACTAG+AGAGGATA","126773665","38032","33.78","83.7"
"30-715344556","PCANN91H-65","TCCTGAGC+CTCCTTAC","109370629","32811","33.32","81.38"
"30-715344556","PSTOCK15-3014","GGACTCCT+GCGATCTA","92671754","27802","33.62","82.98"
"30-715344556","PAFK94H-83","TCCTGAGC+GCGATCTA","47148787","14145","33.59","82.12"
"30-715344556","PSTOCK15-5675","CTCTCTAC+TCTACTCT","101282618","30384","34.05","84.88"
"30-715344556","PSPRIN14-99","GGACTCCT+GCGATCTA","72935766","21881","33.91","84.17"
"30-715344556","PDUCK94T-7","CTCTCTAC+TCTACTCT","87936606","26380","33.89","84.04"
"30-715344556","PDUCM91T-16","CGAGGCTG+ATAGAGAG","106617679","31986","33.71","83.12"
"30-715344556","PERB17-4","CGTACTAG+TACTCCTT","143007787","42902","33.91","84.28"
"30-715344556","PVFDA15-7","TAGGCATG+AGAGGATA","85124300","25537","33.63","82.91"
"30-715344556","PSPRIN14-176","CTCTCTAC+AGAGGATA","124228835","37269","33.94","84.61"
"30-715344556","PAFK91H-4","AAGAGGCA+ATAGAGAG","117982286","35395","33.61","82.93"
"30-715344556","PAFK94H-80","AGGCAGAA+TATGCAGT","107882390","32365","33.74","83.66"
"30-715344556","PVFDE91H-11","AGGCAGAA+TCTACTCT","73054523","21916","33.78","83.42"
"30-715344556","PDUCK94T-66","CGAGGCTG+TACTCCTT","90193181","27057","33.82","83.68"
"30-715344556","PDUCM91T-9","GCTACGCT+AGAGGATA","64634137","19390","33.89","83.94"
"30-715344556","PGREG14E-20","CAGAGAGG+TATGCAGT","95208402","28562","34.02","84.85"
"30-715344556","PAFK14-50","TAGGCATG+AGAGGATA","108695218","32609","33.48","82.46"
"30-715344556","PVFDA15-59","CTCTCTAC+TATGCAGT","90870197","27261","33.87","84.02"
"30-715344556","PHOGAN15-8725","TCCTGAGC+AGAGGATA","112144289","33643","33.9","84.39"
"30-715344556","PAFK94H-88","TCCTGAGC+TATGCAGT","69058072","20717","34.07","85.18"
"30-715344556","PHOGAN16-1147","AAGAGGCA+CTCCTTAC","99403366","29821","33.47","82.26"
"30-715344556","PVFDA94H-65","CGAGGCTG+GCGATCTA","83140925","24942","33.99","84.62"
"30-715344556","PDUCM91T-10","GCTACGCT+TCTACTCT","38282944","11485","33.94","84.1"
"30-715344556","PGREG14L-3","GCTACGCT+TATGCAGT","47441293","14232","34.15","85.29"
"30-715344556","PDUCK94T-16","CAGAGAGG+CTCCTTAC","100017888","30006","33.61","82.75"
"30-715344556","PSTOCK16-2836","CTCTCTAC+AGAGGATA","28635284","8590","32.14","76.84"
"30-715344556","PVFDE91H-67","TAGGCATG+TCTACTCT","75697258","22709","33.82","83.68"
"30-715344556","PCANN91H-56","AGGCAGAA+TCTACTCT","88386503","26516","33.93","84.18"
"30-715344556","PCANN91H-15","CGTACTAG+AGAGGATA","105540111","31662","33.9","84.23"
"30-715344556","PHOGAN16-4651","TAAGGCGA+AGAGGATA","119625758","35888","33.7","83.54"
"30-715344556","PAFK14-81","GCTACGCT+AGAGGATA","73948483","22185","33.9","84.35"
"30-715344556","PVFDA15-57","CTCTCTAC+TCTACTCT","69481779","20845","33.92","84.15"
"30-715344556","PSTOCK16-5657","CGAGGCTG+AGAGGATA","111400730","33420","34.15","85.45"
"30-715344556","PSTOCK15-5108","TAGGCATG+CTCCTTAC","99680423","29904","33.64","83"
"30-715344556","PDUCM91T-15","CGAGGCTG+GCGATCTA","82002462","24600","33.7","82.95"
"30-715344556","PDUCK94T-60","CGAGGCTG+GCGATCTA","84344556","25303","33.73","83.03"
"30-715344556","PSTOCK15-808","CGTACTAG+ATAGAGAG","28172366","8452","32.46","78.02"
"30-715344556","PGREG14L-6","CGAGGCTG+GCGATCTA","65455379","19636","33.86","84.04"
"30-715344556","PSPRIN14-180","CTCTCTAC+TCTACTCT","84615029","25384","34.41","86.68"
"30-715344556","PSTOCK16-6967","AAGAGGCA+AGAGGATA","122594110","36779","33.71","83.54"
"30-715344556","PVFDA14-5","AAGAGGCA+GCGATCTA","97811116","29343","33.77","83.63"
"30-715344556","PGREG14L-7","CGAGGCTG+ATAGAGAG","86594201","25979","33.8","83.84"
"30-715344556","PVFDA14-1","CGAGGCTG+CTCCTTAC","85555921","25667","33.89","84.18"
"30-715344556","NTC-63216-3","CGAGGCTG+TACTCCTT","2531049","758","34.05","85.09"
"30-715344556","PGREG94-1","AGGCAGAA+TACTCCTT","101432567","30430","33.32","81.44"
"30-715344556","PHOGAN15-823","GCTACGCT+TACTCCTT","55726071","16718","34.23","85.79"
"30-715344556","PGREG14E-18","CAGAGAGG+CTCCTTAC","91495398","27450","33.92","84.43"
"30-715344556","PDUCM91T-5","CAGAGAGG+TACTCCTT","83378928","25013","33.62","82.79"
"30-715344556","PSTOCK16-8064","TAAGGCGA+GCGATCTA","104591575","31377","33.71","83.43"
"30-715344556","PGREG14L-76","CGAGGCTG+TATGCAGT","94263953","28279","34.17","85.41"
"30-715344556","PSTOCK15-4678","TAGGCATG+TCTACTCT","78473271","23542","33.76","83.38"
"30-715344556","PCANN15-158","TCCTGAGC+AGGCTTAG","116594011","34978","33.72","83.28"
"30-715344556","PSPRIN14-223","CAGAGAGG+GCGATCTA","92930643","27879","34","84.69"
"30-715344556","PDUCK13-2","AAGAGGCA+TACTCCTT","175690981","52707","33.92","84.27"
"30-715344556","PSPRIN14-154","TAGGCATG+TATGCAGT","106466277","31940","33.77","83.72"
"30-715344556","PDUCK14L-6","TAAGGCGA+GCGATCTA","101782313","30535","33.97","84.62"
"30-715344556","PERBL91T-57","AGGCAGAA+TCTACTCT","65363834","19610","33.73","83.29"
"30-715344556","PVFDA15-101","CTCTCTAC+TACTCCTT","122012298","36603","33.67","83.08"
"30-715344556","PHOGAN15-4592","TAAGGCGA+AGAGGATA","121104508","36332","33.62","83.25"
"30-715344556","PDUCK94T-3","TAGGCATG+AGGCTTAG","84477805","25343","33.36","81.41"
"30-715344556","PAFK14-79","GCTACGCT+GCGATCTA","69613238","20884","34.03","84.86"
"30-715344556","PVFDE91H-56","GGACTCCT+GCGATCTA","92377425","27714","33.63","82.61"
"30-715344556","PGREG14E-22","CAGAGAGG+TACTCCTT","60076214","18023","34.07","85.01"
"30-715344556","PDUCK13-59","AGGCAGAA+CTCCTTAC","139431906","41829","33.79","83.77"
"30-715344556","PSPRIN15-9935","TAAGGCGA+AGAGGATA","99201400","29761","33.59","83.16"
"30-715344556","PHOGAN16-2676","AAGAGGCA+AGGCTTAG","121654251","36497","33.5","82.41"
"30-715344556","PDUCK94T-64","CGAGGCTG+CTCCTTAC","83023170","24907","33.72","83.23"
"30-715344556","PCANN14-34","GTAGAGGA+ATAGAGAG","111285727","33386","33.57","83.05"
"30-715344556","PCANN91H-8","TAAGGCGA+TCTACTCT","87457976","26238","33.87","84.08"
"30-715344556","PDUCK14E-10","AAGAGGCA+ATAGAGAG","100746317","30224","33.49","82.31"
"30-715344556","PCANN14-11","CGAGGCTG+ATAGAGAG","89336771","26801","33.9","84.24"
"30-715344556","PSPRIN15-2487","GCTACGCT+TACTCCTT","62443835","18733","34.15","85.41"
"30-715344556","PAFK91H-1","CGAGGCTG+TACTCCTT","104064218","31219","34.11","85.39"
"30-715344556","PDUCK94T-55","GCTACGCT+TCTACTCT","45531541","13660","34.01","84.4"
"30-715344556","PDUCK13-8","GTAGAGGA+CTCCTTAC","105616409","31685","33.89","84.23"
"30-715344556","PSPRIN15-9907","GTAGAGGA+TATGCAGT","107299193","32190","33.79","83.99"
"30-715344556","PGREG14E-8","CTCTCTAC+CTCCTTAC","42252854","12676","33.97","84.68"
"30-715344556","PVFDA94H-7","GGACTCCT+TACTCCTT","106354123","31907","33.67","83.17"
"30-715344556","PAFK14-86","GCTACGCT+AGGCTTAG","97686529","29306","34.04","84.98"
"30-715344556","PVFDA15-159","GCTACGCT+TACTCCTT","63756986","19127","33.81","83.58"
"30-715344556","PCANN15-5","TAAGGCGA+CTCCTTAC","119849195","35955","33.45","82.18"
"30-715344556","PGREG14L-2","GCTACGCT+CTCCTTAC","32745585","9824","34.07","85"
"30-715344556","PDUCM91T-54","CGAGGCTG+AGGCTTAG","103425270","31028","33.7","83.06"
"30-715344556","PCANN15-105","AGGCAGAA+TCTACTCT","76064857","22820","33.92","84.08"
"30-715344556","PHOGAN16-8303","TCCTGAGC+GCGATCTA","88739275","26622","33.46","81.48"
"30-715344556","PCANN15-111","TCCTGAGC+ATAGAGAG","107601575","32280","33.7","83.22"
"30-715344556","PCANN15-112","TCCTGAGC+AGAGGATA","115937518","34782","33.72","83.29"
"30-715344556","PAFK94H-82","AGGCAGAA+AGGCTTAG","106299646","31891","33.8","83.89"
"30-715344556","PSTOCK15-2720","TCCTGAGC+CTCCTTAC","91016409","27305","32.95","79.61"
"30-715344556","PAFK94H-72","CGTACTAG+TATGCAGT","110579710","33174","34.04","85.01"
"30-715344556","PERB17-234","GGACTCCT+GCGATCTA","79268011","23781","33.46","82.34"
"30-715344556","PAFK91H-5","AAGAGGCA+AGAGGATA","103784933","31136","33.6","82.98"
"30-715344556","PCANN14-16","CGAGGCTG+TACTCCTT","98203456","29461","34","84.94"
"30-715344556","PSPRIN15-9909","GTAGAGGA+TACTCCTT","101464961","30439","33.86","84.16"
"30-715344556","PDUCK94T-13","CAGAGAGG+ATAGAGAG","101241798","30372","33.38","81.54"
"30-715344556","PERB17-357","TAGGCATG+TCTACTCT","99597015","29879","33.78","83.73"
"30-715344556","PDUCK94T-14","CAGAGAGG+AGAGGATA","98595065","29579","33.61","82.62"
"30-715344556","PHOGAN15-4018","GTAGAGGA+TACTCCTT","96709183","29013","33.52","82.73"
"30-715344556","PHOGAN15-7470","AGGCAGAA+CTCCTTAC","122007865","36603","33.69","83.42"
"30-715344556","PCANN91H-2","CAGAGAGG+CTCCTTAC","93674769","28103","34.13","85.63"
"30-715344556","PCANN15-154","TCCTGAGC+TCTACTCT","93162067","27948","33.78","83.53"
"30-715344556","PVFDA15-104","CAGAGAGG+ATAGAGAG","120106709","36032","33.73","83.31"
"30-715344556","PSPRIN14-171","TAGGCATG+AGGCTTAG","129149954","38745","33.55","82.46"
"30-715344556","PVFDA14-127","CAGAGAGG+TACTCCTT","84751179","25425","34.03","84.76"
"30-715344556","PGREG94-53","TAGGCATG+AGAGGATA","87575061","26272","33.34","81.5"
"30-715344556","PHOGAN16-9111","TCCTGAGC+CTCCTTAC","97291001","29187","33.38","81.66"
"30-715344556","PDUCK14E-23","GTAGAGGA+ATAGAGAG","92467685","27740","33.76","83.56"
"30-715344556","NTC-63219-1","GTAGAGGA+AGGCTTAG","1189873","358","32.31","77.25"
"30-715344556","PERBE91T-56","TAAGGCGA+GCGATCTA","76229508","22869","33.39","81.48"
"30-715344556","PSTOCK16-5418","GCTACGCT+TACTCCTT","78643518","23593","33.95","84.52"
"30-715344556","PAFK94H-92","GGACTCCT+ATAGAGAG","81273824","24382","34.01","84.95"
"30-715344556","PSTOCK15-5635","CTCTCTAC+ATAGAGAG","82276172","24683","33.65","82.97"
"30-715344556","PAFK94H-90","TCCTGAGC+AGGCTTAG","102425813","30728","34.08","85.16"
"30-715344556","PVFDA94H-52","CTCTCTAC+TCTACTCT","77885380","23365","34.15","85.21"
"30-715344556","PVFDE91H-58","GGACTCCT+AGAGGATA","113901419","34170","33.39","81.78"
"30-715344556","PCANN15-8","TAAGGCGA+AGGCTTAG","199285625","59786","33.59","82.67"
"30-715344556","PHOGAN15-1289","CGAGGCTG+CTCCTTAC","83699136","25111","34.2","85.75"
"30-715344556","PAFK91H-63","CGTACTAG+TATGCAGT","97244153","29173","33.89","84.45"
"30-715344556","PDUCK14L-9","TAAGGCGA+TCTACTCT","103367131","31010","33.77","83.78"
"30-715344556","PSTOCK15-6222","CTCTCTAC+CTCCTTAC","103598596","31080","33.35","81.74"
"30-715344556","PERB17-231","TCCTGAGC+AGGCTTAG","155485738","46646","33.77","83.71"
"30-715344556","PSTOCK16-1085","TCCTGAGC+AGGCTTAG","112207627","33662","34.1","85.27"
"30-715344556","PSPRIN14-212","CTCTCTAC+AGGCTTAG","125515743","37655","33.88","84.18"
"30-715344556","PHOGAN16-88","CGAGGCTG+TCTACTCT","95418726","28626","34.17","85.41"
"30-715344556","PCANN91H-63","TCCTGAGC+AGAGGATA","115700878","34711","33.74","83.47"
"30-715344556","PVFDE91H-54","TCCTGAGC+TACTCCTT","55987617","16797","31.13","70.51"
"30-715344556","PVFDA94H-63","GCTACGCT+TACTCCTT","42481841","12745","33.96","84.33"
"30-715344556","PHOGAN15-3723","GTAGAGGA+CTCCTTAC","79498735","23849","33.82","84.03"
"30-715344556","PDUCK14E-14","AAGAGGCA+CTCCTTAC","79865622","23960","33.34","81.48"
"30-715344556","PHOGAN16-6670","CGTACTAG+TATGCAGT","62924147","18877","33.21","81.31"
"30-715344556","PVFDA94H-13","TAGGCATG+CTCCTTAC","99470669","29842","33.71","83.32"
"30-715344556","PCANN91H-62","TCCTGAGC+ATAGAGAG","106799668","32040","33.72","83.41"
"30-715344556","PHOGAN15-266","CAGAGAGG+CTCCTTAC","81275512","24382","34.19","85.7"
"30-715344556","PGREG94-17","GGACTCCT+TACTCCTT","96784593","29036","33.2","80.87"
"30-715344556","PSPRIN15-7462","GTAGAGGA+AGAGGATA","89126341","26738","33.82","83.99"
"30-715344556","PHOGAN15-821","GCTACGCT+TATGCAGT","48220998","14466","34.38","86.45"
"30-715344556","PGREG14E-10","CTCTCTAC+TATGCAGT","50070406","15022","34.02","84.81"
"30-715344556","PHOGAN15-2925","GTAGAGGA+GCGATCTA","79078807","23724","33.21","80.5"
"30-715344556","PAFK13-188","CTCTCTAC+AGAGGATA","110390035","33117","33.91","84.65"
"30-715344556","PSTOCK16-8050","GTAGAGGA+TCTACTCT","133869496","40161","33.88","84.35"
"30-715344556","PVFDA15-54","CTCTCTAC+GCGATCTA","76463209","22939","33.54","82.45"
"30-715344556","PGREG94-10","TCCTGAGC+AGGCTTAG","82863439","24859","33.49","82.11"
"30-715344556","PSTOCK15-6481","CTCTCTAC+TATGCAGT","113579374","34074","33.63","83"
"30-715344556","PDUCK14E-2","CGAGGCTG+ATAGAGAG","74415535","22325","33.86","83.85"
"30-715344556","PERB17-365","TAGGCATG+CTCCTTAC","103623030","31087","33.51","82.45"
"30-715344556","PDUCK94T-18","CAGAGAGG+TACTCCTT","126381922","37914","33.59","82.71"
"30-715344556","PCANN91H-58","AGGCAGAA+TATGCAGT","102746198","30824","33.56","82.61"
"30-715344556","PERBE91T-5","AAGAGGCA+TATGCAGT","88229390","26469","33.53","82.42"
"30-715344556","PCANN91H-10","TAAGGCGA+TATGCAGT","113571195","34072","33.69","83.33"
"30-715344556","PAFK13-158","TCCTGAGC+AGAGGATA","105251706","31575","33.75","83.85"
"30-715344556","PAFK91H-2","CGAGGCTG+AGGCTTAG","112182002","33655","33.98","84.72"
"30-715344556","PSTOCK15-8028","GCTACGCT+TACTCCTT","11645074","3494","31.91","75.54"
"30-715344556","PGREG14E-12","CTCTCTAC+TACTCCTT","79543544","23864","33.91","84.29"
"30-715344556","PVFDA94H-56","CTCTCTAC+AGGCTTAG","115072393","34522","33.99","84.67"
"30-715344556","PCANN14-43","CAGAGAGG+AGAGGATA","90107130","27032","34.03","84.99"
"30-715344556","PVFDE91H-62","GGACTCCT+TACTCCTT","111746301","33524","33.28","81.21"
"30-715344556","PCANN91H-11","TAAGGCGA+TACTCCTT","112707460","33812","33.66","83.21"
"30-715344556","PERB17-381","TAGGCATG+TACTCCTT","111776690","33533","33.31","81.54"
"30-715344556","PHOGAN15-2183","AAGAGGCA+AGAGGATA","111937427","33582","33.65","83.12"
"30-715344556","PCANN14-26","AAGAGGCA+ATAGAGAG","91060157","27318","33.53","82.54"
"30-715344556","PCANN91H-53","AGGCAGAA+GCGATCTA","87576920","26273","33.63","82.88"
"30-715344556","PHOGAN16-379","CGAGGCTG+CTCCTTAC","92324798","27697","33.65","83"
"30-715344556","PSPRIN15-7459","GTAGAGGA+ATAGAGAG","91898236","27570","33.83","84.1"
"30-715344556","PSTOCK15-4093","GGACTCCT+AGGCTTAG","107052953","32116","33.56","82.55"
"30-715344556","PHOGAN16-6030","TAAGGCGA+TATGCAGT","120451784","36136","34.01","84.93"
"30-715344556","PSTOCK15-7228","CAGAGAGG+TATGCAGT","89440110","26832","33.7","83.36"
"30-715344556","PDUCK14E-12","AAGAGGCA+AGAGGATA","103522510","31058","33.45","82.18"
"30-715344556","PHOGAN16-7105","AGGCAGAA+GCGATCTA","109996272","32998","33.89","84.14"
"30-715344556","PAFK14-51","TAGGCATG+TCTACTCT","69727552","20919","33.99","84.64"
"30-715344556","PGREG94-7","TCCTGAGC+CTCCTTAC","80115500","24035","32.85","78.95"
"30-715344556","PDUCM91T-52","CGAGGCTG+TATGCAGT","77967173","23390","33.89","84.01"
"30-715344556","PVFDA94H-3","GGACTCCT+AGAGGATA","104180448","31254","33.7","83.29"
"30-715344556","PSTOCK15-2013","AGGCAGAA+TCTACTCT","110505982","33152","33.76","83.5"
"30-715344556","PSTOCK16-2968","CTCTCTAC+ATAGAGAG","59768236","17930","33.45","82.51"
"30-715344556","PERBL91T-59","AGGCAGAA+TATGCAGT","80581483","24175","33.46","82.03"
"30-715344556","PVFDA15-154","GCTACGCT+ATAGAGAG","59865413","17959","33.86","83.82"
"30-715344556","PDUCK13-17","TAAGGCGA+TACTCCTT","117239352","35172","33.95","84.64"
"30-715344556","PAFK13-177","GGACTCCT+AGGCTTAG","135688092","40707","33.87","84.38"
"30-715344556","PCANN91H-51","CGTACTAG+TACTCCTT","93275695","27982","33.95","84.48"
"30-715344556","PSTOCK15-5472","CTCTCTAC+GCGATCTA","103134390","30940","33.58","82.77"
"30-715344556","PSPRIN14-54","TCCTGAGC+TACTCCTT","75454317","22636","32.01","74.17"
"30-715344556","PDUCM91T-8","GCTACGCT+ATAGAGAG","52613071","15783","33.83","83.61"
"30-715344556","PHOGAN15-7294","AGGCAGAA+TCTACTCT","88605295","26581","34.09","85.18"
"30-715344556","PDUCK13-60","AGGCAGAA+TATGCAGT","171624110","51488","34.01","84.8"
"30-715344556","PVFDA14-75","GTAGAGGA+TCTACTCT","80855715","24257","33.97","84.55"
"30-715344556","PVFDE91H-15","AGGCAGAA+AGGCTTAG","91722813","27517","33.45","81.91"
"30-715344556","PERBL91T-6","CGTACTAG+ATAGAGAG","114967005","34491","33.64","82.87"
"30-715344556","PHOGAN16-10054","GGACTCCT+ATAGAGAG","93233992","27970","33.86","84.22"
"30-715344556","PDUCK13-7","GTAGAGGA+TCTACTCT","76758498","23028","33.86","84.14"
"30-715344556","PGREG14L-5","GCTACGCT+AGGCTTAG","67271614","20181","34.15","85.27"
"30-715344556","PAFK94H-75","AGGCAGAA+GCGATCTA","94205912","28262","33.85","83.95"
"30-715344556","PVFDA14-52","GTAGAGGA+GCGATCTA","68338030","20501","33.49","82.26"
"30-715344556","PGREG14E-16","CAGAGAGG+AGAGGATA","45675008","13702","34.17","85.55"
"30-715344556","PAFK13-159","TCCTGAGC+TCTACTCT","82895914","24868","34.08","85.28"
"30-715344556","PDUCK13-1","AAGAGGCA+TATGCAGT","160325593","48098","34.1","85.12"
"30-715344556","PERB17-136","TCCTGAGC+GCGATCTA","62951936","18886","33.43","82.05"
"30-715344556","PAFK94H-98","GGACTCCT+AGGCTTAG","99967502","29991","33.85","84.19"
"30-715344556","PERB17-127","AGGCAGAA+AGGCTTAG","128884199","38665","33.03","80.4"
"30-715344556","PSTOCK15-3895","GGACTCCT+CTCCTTAC","104025445","31208","33.57","82.49"
"30-715344556","PDUCK94T-58","GCTACGCT+TACTCCTT","54776108","16433","33.67","82.94"
"30-715344556","PDUCM91T-12","GCTACGCT+TATGCAGT","50265458","15079","33.92","84.03"
"30-715344556","PAFK91H-6","AAGAGGCA+TCTACTCT","90752533","27225","34.15","85.51"
"30-715344556","NTC-63216-5","GTAGAGGA+AGGCTTAG","2923321","878","33.69","83.52"
"30-715344556","PHOGAN15-210","CAGAGAGG+TCTACTCT","80626268","24188","34.32","86.2"
"30-715344556","PAFK13-162","TCCTGAGC+TACTCCTT","63396797","19019","31.85","73.66"
"30-715344556","PVFDA14-77","GTAGAGGA+TATGCAGT","80532224","24159","33.51","82.47"
"30-715344556","PHOGAN16-11090","GGACTCCT+TACTCCTT","133521420","40057","33.82","84.01"
"30-715344556","PHOGAN16-6665","CGTACTAG+CTCCTTAC","112416022","33725","33.92","84.48"
"30-715344556","PHOGAN16-11219","TAGGCATG+ATAGAGAG","93397017","28019","33.44","82.17"
"30-715344556","PHOGAN15-116","CTCTCTAC+AGGCTTAG","126769900","38031","33.99","84.6"
"30-715344556","PGREG94-11","GGACTCCT+GCGATCTA","97391864","29218","33.68","82.9"
"30-715344556","PERB17-113","AGGCAGAA+TATGCAGT","82334977","24701","33.17","81.12"
"30-715344556","PAFK13-167","GGACTCCT+TCTACTCT","88201459","26460","34.12","85.53"
"30-715344556","PSTOCK16-1321","GGACTCCT+AGAGGATA","158408579","47522","33.77","83.82"
"30-715344556","PVFDA14-28","AAGAGGCA+CTCCTTAC","95557950","28667","33.56","82.65"
"30-715344556","PAFK94H-94","GGACTCCT+TCTACTCT","75638395","22692","34.31","86.28"
"30-715344556","PAFK14-53","TAGGCATG+TATGCAGT","128175341","38453","33.86","84.21"
"30-715344556","PCANN91H-61","TCCTGAGC+GCGATCTA","59752862","17925","33.57","82.48"
"30-715344556","PAFK91H-52","TAAGGCGA+AGAGGATA","120380591","36113","33.7","83.64"
"30-715344556","PDUCM91T-53","CGAGGCTG+TACTCCTT","83995645","25199","33.68","82.98"
"30-715344556","PSTOCK15-7702","GCTACGCT+CTCCTTAC","53459122","16038","33.74","83.39"
"30-715344556","PHOGAN16-3348","GTAGAGGA+TATGCAGT","121032138","36310","33.5","82.53"
"30-715344556","PVFDE91H-64","TAGGCATG+GCGATCTA","79479468","23843","33.3","80.99"
"30-715344556","PSTOCK15-2908","TCCTGAGC+TACTCCTT","53327472","15998","31.29","71.92"
"30-715344556","PHOGAN15-713","GCTACGCT+CTCCTTAC","44022417","13207","34.23","85.77"
"30-715344556","PHOGAN15-430","GCTACGCT+GCGATCTA","46865578","14060","34.2","85.62"
"30-715344556","PCANN15-6","TAAGGCGA+TATGCAGT","146838369","44051","33.25","81.22"
"30-715344556","PDUCK94T-6","CTCTCTAC+AGAGGATA","98640293","29592","33.31","81.46"
"30-715344556","PSTOCK15-6872","CAGAGAGG+AGAGGATA","94890091","28467","33.78","83.7"
"30-715344556","NTC-63214-1","GTAGAGGA+AGGCTTAG","1666522","500","32.74","79.2"
"30-715344556","PHOGAN15-1194","CGAGGCTG+TCTACTCT","72222262","21666","34.43","86.75"
"30-715344556","PAFK14-61","CTCTCTAC+TATGCAGT","99752963","29925","33.84","84.16"
"30-715344556","PSTOCK15-8277","CGAGGCTG+GCGATCTA","71967991","21590","33.9","84.16"
"30-715344556","PCANN91H-67","TCCTGAGC+TACTCCTT","50519153","15155","31.4","72.41"
"30-715344556","PDUCK14E-15","AAGAGGCA+TATGCAGT","90910883","27274","33.55","82.55"
"30-715344556","PDUCK13-56","AGGCAGAA+AGAGGATA","86567478","25971","33.89","84.16"
"30-715344556","PAFK91H-51","TAAGGCGA+ATAGAGAG","108999273","32700","33.61","83.29"
"30-715344556","PSTOCK15-2152","AGGCAGAA+CTCCTTAC","120062376","36019","33.45","82.13"
"30-715344556","PDUCK94T-62","CGAGGCTG+AGAGGATA","85785433","25736","33.71","83.14"
"30-715344556","PHOGAN16-6869","CGTACTAG+AGGCTTAG","153445909","46033","34.2","85.68"
"30-715344556","PVFDA94H-6","GGACTCCT+TATGCAGT","100186821","30057","33.63","82.98"
"30-715344556","PDUCK94T-61","CGAGGCTG+ATAGAGAG","108511468","32553","33.74","83.26"
"30-715344556","PVFDE91H-68","TAGGCATG+CTCCTTAC","81478593","24443","33.38","81.66"
"30-715344556","PERB17-220","TCCTGAGC+TACTCCTT","76381759","22914","31.86","74.56"
"30-715344556","PVFDA14-153","TAAGGCGA+CTCCTTAC","95646463","28694","33.46","82.09"
"30-715344556","PDUCM91T-57","AAGAGGCA+AGAGGATA","86027796","25809","33.32","81.37"
"30-715344556","PDUCK94T-68","AAGAGGCA+GCGATCTA","98726672","29618","33.37","81.45"
"30-715344556","PSPRIN15-2433","GCTACGCT+ATAGAGAG","70635001","21191","34.06","85.08"
"30-715344556","PDUCK14E-9","AAGAGGCA+GCGATCTA","79095510","23728","33.79","83.58"
"30-715344556","PAFK94H-65","TAAGGCGA+TACTCCTT","113681044","34104","33.88","84.44"
"30-715344556","PAFK94H-99","TAGGCATG+GCGATCTA","81012936","24304","33.62","82.64"
"30-715344556","PSTOCK16-5781","CGAGGCTG+CTCCTTAC","115086407","34526","35.25","90.09"
"30-715344556","NTC-63216-4","CGAGGCTG+AGGCTTAG","8208429","2462","34.9","88.87"
"30-715344556","PAFK13-189","CTCTCTAC+TCTACTCT","81918841","24575","34.32","86.46"
"30-715344556","PVFDA14-27","AAGAGGCA+TCTACTCT","82432847","24730","34.01","84.66"
"30-715344556","PERBE91T-3","AAGAGGCA+TCTACTCT","87827950","26349","33.75","83.35"
"30-715344556","PAFK91H-9","AAGAGGCA+TACTCCTT","103243303","30973","33.74","83.66"
"30-715344556","PSPRIN14-150","TAGGCATG+TCTACTCT","101368959","30410","34.13","85.37"
"30-715344556","PHOGAN15-120","CAGAGAGG+GCGATCTA","106419788","31926","34.05","84.92"
"30-715344556","PHOGAN16-12289","CTCTCTAC+GCGATCTA","92315079","27694","33.47","81.92"
"30-715344556","PVFDA94H-5","GGACTCCT+CTCCTTAC","92103560","27631","33.66","83.02"
"30-715344556","PHOGAN16-6426","CGTACTAG+GCGATCTA","94498706","28350","33.81","83.64"
"30-715344556","PCANN91H-18","CGTACTAG+TATGCAGT","98577018","29573","34","84.7"
"30-715344556","PAFK94H-76","AGGCAGAA+ATAGAGAG","125457319","37638","33.73","83.69"
"30-715344556","PCANN15-61","AGGCAGAA+ATAGAGAG","102630415","30790","33.43","81.95"
"30-715344556","PCANN91H-57","AGGCAGAA+CTCCTTAC","105973524","31792","33.55","82.4"
"30-715344556","PHOGAN15-2511","AAGAGGCA+TACTCCTT","116194354","34859","33.47","82.44"
"30-715344556","PSPRIN14-51","TCCTGAGC+TATGCAGT","96035722","28810","34.09","85.28"
"30-715344556","PSTOCK16-8698","TAAGGCGA+AGAGGATA","27190811","8156","31.04","72.04"
"30-715344556","PHOGAN16-2248","AAGAGGCA+TATGCAGT","102833449","30851","33.66","83.15"
"30-715344556","PHOGAN16-5359","TAAGGCGA+TCTACTCT","102570888","30771","34.12","85.36"
"30-715344556","PAFK14-80","GCTACGCT+ATAGAGAG","72635708","21790","34.1","85.24"
"30-715344556","PCANN15-7","TAAGGCGA+TACTCCTT","153760565","46128","33.02","80.15"
"30-715344556","PDUCK14L-8","TAAGGCGA+AGAGGATA","69205269","20761","33.17","81.25"
"30-715344556","PCANN14-17","CGAGGCTG+AGGCTTAG","95883891","28765","34.03","84.97"
"30-715344556","PCANN14-40","GTAGAGGA+AGGCTTAG","119186681","35756","33.75","83.79"
"30-715344556","PDUCK14L-4","GTAGAGGA+TATGCAGT","98049316","29415","33.69","83.28"
"30-715344556","PCANN15-9","CGTACTAG+GCGATCTA","72521398","21756","33.73","83.29"
"30-715344556","PERB17-33","AGGCAGAA+GCGATCTA","102825244","30847","33.41","82.05"
"30-715344556","PDUCM91T-62","AAGAGGCA+AGGCTTAG","99351121","29806","33.52","82.24"
"30-715344556","PDUCM91T-7","GCTACGCT+GCGATCTA","90569069","27171","33.75","83.23"
"30-715344556","PGREG94-63","CTCTCTAC+CTCCTTAC","94214945","28264","33.42","81.89"
"30-715344556","PSPRIN15-7455","AAGAGGCA+AGGCTTAG","92806282","27842","33.79","83.72"
"30-715344556","PVFDA94H-55","CTCTCTAC+TACTCCTT","101810955","30543","33.59","82.85"
"30-715344556","PDUCM91T-18","CGAGGCTG+TCTACTCT","62658608","18798","34","84.39"
"30-715344556","PDUCM91T-63","GTAGAGGA+GCGATCTA","82926056","24878","33.16","80.42"
"30-715344556","PVFDE91H-51","TCCTGAGC+TCTACTCT","80431355","24129","34.02","84.57"
"30-715344556","PVFDE91H-13","AGGCAGAA+TATGCAGT","74906283","22472","33.43","81.87"
"30-715344556","PSTOCK16-5244","GCTACGCT+CTCCTTAC","61840565","18553","34.02","84.7"
"30-715344556","PGREG14L-79","AAGAGGCA+GCGATCTA","94651802","28395","33.82","83.9"
"30-715344556","PAFK13-185","TAGGCATG+AGGCTTAG","109037229","32711","33.56","82.55"
"30-715344556","PSTOCK15-7586","GCTACGCT+ATAGAGAG","50858964","15258","33.78","83.67"
"30-715344556","PDUCM91T-6","CAGAGAGG+AGGCTTAG","96726572","29018","33.59","82.63"
"30-715344556","PHOGAN15-5214","TAAGGCGA+TATGCAGT","36657433","10998","32.05","76.45"
"30-715344556","PHOGAN15-388","CAGAGAGG+AGGCTTAG","111183357","33355","34.27","85.98"
"30-715344556","PSPRIN14-141","GGACTCCT+AGGCTTAG","110898861","33270","34.05","84.97"
"30-715344556","PAFK91H-57","TAAGGCGA+AGGCTTAG","133232344","39970","33.64","83.04"
"30-715344556","PDUCK14E-6","CGAGGCTG+TATGCAGT","72928558","21879","33.94","84.32"
"30-715344556","PVFDA94H-2","GGACTCCT+ATAGAGAG","104278726","31284","33.73","83.39"
"30-715344556","PCANN14-37","GTAGAGGA+CTCCTTAC","90676780","27203","33.61","83.23"
"30-715344556","PERBE91T-55","GTAGAGGA+TACTCCTT","96801558","29040","33.44","82.02"
"30-715344556","PAFK13-182","TAGGCATG+CTCCTTAC","88061284","26418","33.9","84.5"
"30-715344556","PVFDE91H-12","AGGCAGAA+CTCCTTAC","100024600","30007","33.49","82.19"
"30-715344556","PGREG94-55","TAGGCATG+CTCCTTAC","84878143","25464","33.44","81.97"
"30-715344556","PSTOCK16-2018","GGACTCCT+AGGCTTAG","103332240","30999","34.2","85.77"
"30-715344556","PSTOCK16-6920","AAGAGGCA+ATAGAGAG","115662684","34699","33.95","84.6"
"30-715344556","PHOGAN16-12498","CTCTCTAC+AGAGGATA","123766014","37130","33.88","84.32"
"30-715344556","PSTOCK15-2436","AGGCAGAA+TATGCAGT","108148431","32445","33.33","81.59"
"30-715344556","PVFDA14-50","AAGAGGCA+TACTCCTT","94415431","28324","33.66","83.11"
"30-715344556","PSPRIN15-2440","GCTACGCT+AGAGGATA","56942298","17083","33.93","84.48"
"30-715344556","PVFDA94H-62","GCTACGCT+TATGCAGT","41487238","12447","33.85","83.92"
"30-715344556","PCANN14-2","GCTACGCT+GCGATCTA","60431437","18130","34.01","84.83"
"30-715344556","PCANN15-104","AGGCAGAA+AGAGGATA","103766483","31131","33.49","82.24"
"30-715344556","PHOGAN15-1691","CGAGGCTG+TACTCCTT","114223055","34266","34.19","85.67"
"30-715344556","PVFDA94H-14","TAGGCATG+TATGCAGT","95388313","28616","33.46","82.05"
"30-715344556","PHOGAN16-10311","GGACTCCT+TCTACTCT","58533592","17559","33.9","84.46"
"30-715344556","PVFDA15-9","TAGGCATG+CTCCTTAC","101712477","30514","33.63","82.85"
"30-715344556","PSTOCK16-2764","TAGGCATG+TACTCCTT","138865828","41660","33.67","83.18"
"30-715344556","PERBE91T-59","TAAGGCGA+TCTACTCT","96240920","28872","33.65","82.95"
"30-715344556","PAFK91H-15","GTAGAGGA+CTCCTTAC","89164379","26749","34","84.96"
"30-715344556","PDUCK13-10","GTAGAGGA+TACTCCTT","117284434","35186","33.61","83"
"30-715344556","PCANN15-108","AGGCAGAA+TACTCCTT","131290942","39387","33.52","82.39"
"30-715344556","PCANN14-32","AAGAGGCA+AGGCTTAG","104023367","31207","33.76","83.78"
"30-715344556","PHOGAN16-3038","GTAGAGGA+AGAGGATA","82256474","24677","33.39","82.05"
"30-715344556","PGREG94-9","TCCTGAGC+TACTCCTT","63493486","19047","31.36","71.81"
"30-715344556","PVFDA94H-4","GGACTCCT+TCTACTCT","96410281","28923","34.25","85.8"
"30-715344556","PSTOCK15-5438","TAGGCATG+AGGCTTAG","105639461","31692","33.36","81.69"
"30-715344556","PVFDE91H-4","CGTACTAG+CTCCTTAC","110527857","33158","33.63","82.8"
"30-715344556","PVFDA94H-1","GGACTCCT+GCGATCTA","87061047","26119","33.83","83.82"
"30-715344556","PERBL91T-58","AGGCAGAA+CTCCTTAC","89043468","26714","33.45","81.98"
"30-715344556","PHOGAN15-471","GCTACGCT+ATAGAGAG","43992037","13197","34.19","85.63"
"30-715344556","PHOGAN16-9303","TCCTGAGC+TATGCAGT","114974238","34492","34.04","85.07"
"30-715344556","PSTOCK16-5767","CGAGGCTG+TCTACTCT","25338363","7601","33.37","82.09"
"30-715344556","PDUCK14E-7","CGAGGCTG+TACTCCTT","75487487","22646","33.84","83.81"
"30-715344556","PVFDA94H-68","CGAGGCTG+TCTACTCT","67064451","20120","34.09","84.95"
"30-715344556","PERBL91T-52","CGTACTAG+TACTCCTT","85458440","25638","33.69","83.03"
"30-715344556","PHOGAN16-1116","AAGAGGCA+TCTACTCT","67691275","20307","33.53","82.59"
"30-715344556","PHOGAN16-6117","TAAGGCGA+AGGCTTAG","117590080","35277","33.06","80.51"
"30-715344556","PSTOCK16-3211","CTCTCTAC+CTCCTTAC","129470549","38841","33.88","84.27"
"30-715344556","PDUCK94T-1","TAGGCATG+TATGCAGT","79996612","23999","33.51","82.24"
"30-715344556","PSTOCK16-1948","GGACTCCT+TATGCAGT","150102447","45031","33.97","84.66"
"30-715344556","PAFK13-178","TAGGCATG+GCGATCTA","86359101","25908","33.39","81.71"
"30-715344556","PAFK94H-68","CGTACTAG+ATAGAGAG","109699387","32910","34.08","85.2"
"30-715344556","PSPRIN14-238","CAGAGAGG+TACTCCTT","87181278","26155","34.36","86.54"
"30-715344556","PAFK91H-10","AAGAGGCA+AGGCTTAG","128955471","38687","33.91","84.37"
"30-715344556","PAFK91H-11","GTAGAGGA+GCGATCTA","74691937","22407","33.45","81.64"
"30-715344556","PERB17-217","TCCTGAGC+TATGCAGT","104565321","31370","33.75","83.53"
"30-715344556","PHOGAN16-7975","AGGCAGAA+CTCCTTAC","95133832","28540","33.66","83.27"
"30-715344556","PSPRIN15-2452","GCTACGCT+TCTACTCT","40560300","12168","34.45","86.75"
"30-715344556","PHOGAN15-1431","CGAGGCTG+TATGCAGT","105798935","31740","34.25","85.99"
"30-715344556","PERB17-282","GGACTCCT+TACTCCTT","91396107","27418","33.5","82.4"
"30-715344556","PHOGAN15-8554","TCCTGAGC+GCGATCTA","63683810","19106","33.49","81.63"
"30-715344556","PGREG14E-28","GCTACGCT+ATAGAGAG","50948740","15285","34.12","85.23"
"30-715344556","PSPRIN14-142","TAGGCATG+GCGATCTA","60324871","18098","33.56","82.36"
"30-715344556","PHOGAN15-6637","CGTACTAG+TATGCAGT","124379793","37315","33.95","84.62"
"30-715344556","PCANN91H-14","CGTACTAG+ATAGAGAG","111964548","33589","33.98","84.53"
"30-715344556","PHOGAN16-12123","TAGGCATG+CTCCTTAC","67323281","20197","34.14","85.42"
"30-715344556","PVFDA94H-57","GCTACGCT+GCGATCTA","48344714","14504","34.2","85.46"
"30-715344556","PGREG14L-77","CGAGGCTG+TACTCCTT","89129397","26739","34.01","84.75"
"30-715344556","PSTOCK15-4279","TAGGCATG+ATAGAGAG","97676094","29303","33.47","82.26"
"30-715344556","PHOGAN15-5704","TAAGGCGA+TACTCCTT","119010146","35702","33.38","82.17"
"30-715344556","PHOGAN16-8503","TCCTGAGC+ATAGAGAG","98206325","29462","33.89","84.31"
"30-715344556","PCANN91H-52","CGTACTAG+AGGCTTAG","117844027","35354","33.97","84.54"
"30-715344556","PHOGAN15-7024","AGGCAGAA+ATAGAGAG","135153053","40546","33.53","82.74"
"30-715344556","PSTOCK15-2504","AGGCAGAA+AGGCTTAG","117732791","35319","33.25","81.29"
"30-715344556","PGREG14E-7","CTCTCTAC+TCTACTCT","29545711","8864","34.17","85.57"
"30-715344556","PAFK14-67","CAGAGAGG+TCTACTCT","79859621","23958","34.16","85.57"
"30-715344556","PGREG94-51","TAGGCATG+GCGATCTA","80470464","24141","33.2","80.62"
"30-715344556","PSPRIN15-4966","AAGAGGCA+GCGATCTA","103766326","31131","33.59","82.68"
"30-715344556","PERBL91T-56","AGGCAGAA+AGAGGATA","112634516","33791","33.4","81.82"
"30-715344556","PERBL91T-2","TAAGGCGA+TATGCAGT","93975089","28193","33.54","82.54"
"30-715344556","PCANN15-160","GGACTCCT+ATAGAGAG","106495097","31948","33.62","82.86"
"30-715344556","PVFDE91H-1","CGTACTAG+ATAGAGAG","97938849","29382","33.75","83.39"
"30-715344556","PAFK13-175","GGACTCCT+TATGCAGT","92193663","27658","33.82","84.19"
"30-715344556","PSPRIN15-4916","CGAGGCTG+TCTACTCT","80716322","24215","34.25","85.93"
"30-715344556","PVFDA14-124","CAGAGAGG+TCTACTCT","68281192","20485","34.16","85.34"
"30-715344556","PSTOCK16-2560","TAGGCATG+AGAGGATA","136938691","41082","33.9","84.37"
"30-715344556","PCANN15-57","CGTACTAG+TATGCAGT","140251142","42075","33.77","83.52"
"30-715344556","PVFDA15-58","CTCTCTAC+CTCCTTAC","91971253","27592","33.52","82.42"
"30-715344556","PSTOCK16-3438","CAGAGAGG+GCGATCTA","123906957","37171","34.11","85.28"
"30-715344556","PSTOCK16-2958","CAGAGAGG+AGAGGATA","76966563","23090","33.67","83.47"
"30-715344556","PVFDE91H-10","AGGCAGAA+AGAGGATA","98056546","29417","33.44","81.94"
"30-715344556","PDUCK13-51","AGGCAGAA+GCGATCTA","78213198","23464","34.17","85.39"
"30-715344556","PHOGAN15-176","CAGAGAGG+ATAGAGAG","106070907","31821","33.89","84.07"
"30-715344556","PSTOCK16-4587","CAGAGAGG+TCTACTCT","83983742","25195","34.29","86.14"
"30-715344556","PVFDA14-151","TAAGGCGA+AGAGGATA","113218107","33966","33.58","82.71"
"30-715344556","PSTOCK16-5126","GCTACGCT+AGAGGATA","54364687","16310","34.39","86.4"
"30-715344556","PDUCK13-3","AAGAGGCA+AGGCTTAG","170983132","51295","33.96","84.43"
"30-715344556","PSTOCK16-5540","GCTACGCT+AGGCTTAG","103629153","31088","34.36","86.33"
"30-715344556","PSTOCK15-3028","GGACTCCT+ATAGAGAG","132273051","39682","33.54","82.65"
"30-715344556","PDUCM91T-58","AAGAGGCA+TCTACTCT","80733172","24220","33.76","83.41"
"30-715344556","PVFDA14-3","CGAGGCTG+TACTCCTT","101508752","30453","33.93","84.34"
"30-715344556","PDUCM91T-64","GTAGAGGA+ATAGAGAG","94402686","28321","33.47","82.16"
"30-715344556","PDUCK14L-44","CGTACTAG+TCTACTCT","74652606","22396","34.05","84.89"
"30-715344556","PCANN14-27","AAGAGGCA+AGAGGATA","104236417","31271","33.6","83.19"
"30-715344556","PHOGAN16-11123","GGACTCCT+AGGCTTAG","134462418","40339","34.03","84.94"
"30-715344556","PVFDA14-74","GTAGAGGA+AGAGGATA","92944341","27882","33.39","81.76"
"30-715344556","PDUCK13-23","CGTACTAG+CTCCTTAC","128470071","38541","33.91","84.33"
"30-715344556","PDUCM91T-4","CAGAGAGG+TATGCAGT","80461008","24139","33.74","83.34"
"30-715344556","PHOGAN15-194","CAGAGAGG+AGAGGATA","111023130","33307","34.12","85.39"
"30-715344556","PSTOCK16-5363","GCTACGCT+TATGCAGT","10782739","3234","32.28","77.29"
"30-715344556","PVFDA14-76","GTAGAGGA+CTCCTTAC","88740461","26622","33.43","82.09"
"30-715344556","PSPRIN14-140","GGACTCCT+TACTCCTT","117824368","35348","33.88","84.25"
"30-715344556","PAFK94H-73","CGTACTAG+TACTCCTT","99808688","29943","34.01","84.9"
"30-715344556","PVFDE91H-3","CGTACTAG+TCTACTCT","78316083","23496","33.99","84.46"
"30-715344556","PDUCK94T-67","CGAGGCTG+AGGCTTAG","94641674","28393","33.72","83.17"
"30-715344556","PAFK94H-69","CGTACTAG+AGAGGATA","101453817","30436","34.02","84.96"
"30-715344556","PHOGAN15-4874","TAAGGCGA+TCTACTCT","101685656","30506","33.99","84.83"
"30-715344556","PHOGAN16-6671","CGTACTAG+TACTCCTT","132618100","39785","34.04","84.96"
"30-715344556","PCANN14-18","AAGAGGCA+GCGATCTA","97047656","29115","33.52","82.44"
"30-715344556","PSTOCK16-1220","GGACTCCT+ATAGAGAG","108463489","32539","33.95","84.63"
"30-715344556","PHOGAN16-7769","AGGCAGAA+AGAGGATA","87950023","26385","33.71","83.46"
"30-715344556","PHOGAN16-10815","GGACTCCT+CTCCTTAC","108211497","32464","34.08","85.22"
"30-715344556","PAFK13-156","TCCTGAGC+GCGATCTA","74111509","22233","33.42","81.3"
"30-715344556","PSTOCK16-8173","GTAGAGGA+TATGCAGT","38230778","11469","32.53","78.48"
"30-715344556","PGREG94-58","TAGGCATG+AGGCTTAG","120736245","36221","33.27","81.06"
"30-715344556","PCANN14-35","GTAGAGGA+AGAGGATA","93695586","28109","33.49","82.57"
"30-715344556","PSTOCK15-1376","CGTACTAG+CTCCTTAC","111672489","33501","33.73","83.42"
"30-715344556","PERB17-23","CGTACTAG+AGGCTTAG","182756557","54827","34.15","85.41"
"30-715344556","PGREG94-3","TCCTGAGC+GCGATCTA","64959189","19488","33.37","81.3"
"30-715344556","PHOGAN16-805","AAGAGGCA+GCGATCTA","80155466","24046","33.65","82.96"
"30-715344556","PSTOCK16-4620","GCTACGCT+GCGATCTA","62270326","18681","34.14","85.38"
"30-715344556","PHOGAN15-312","CAGAGAGG+TACTCCTT","93815679","28144","34.06","85.08"
"30-715344556","PDUCK13-12","TAAGGCGA+ATAGAGAG","135471479","40642","33.83","84.18"
"30-715344556","PHOGAN16-6571","CGTACTAG+AGAGGATA","64494019","19348","33.4","82.09"
"30-715344556","PCANN14-9","GCTACGCT+AGGCTTAG","63733102","19120","33.95","84.64"
"30-715344556","PHOGAN16-2808","GTAGAGGA+GCGATCTA","38593496","11578","33.27","81.25"
"30-715344556","PCANN91H-59","AGGCAGAA+TACTCCTT","113844634","34154","33.65","83.02"
"30-715344556","PVFDE91H-16","TCCTGAGC+GCGATCTA","62951135","18885","33.28","80.61"
"30-715344556","PHOGAN15-9302","TCCTGAGC+CTCCTTAC","56826873","17048","32.59","78.33"
"30-715344556","PCANN91H-16","CGTACTAG+TCTACTCT","87565511","26270","34.11","85.14"
"30-715344556","PAFK91H-61","CGTACTAG+TCTACTCT","83392621","25018","34.3","86.32"
"30-715344556","PAFK94H-95","GGACTCCT+CTCCTTAC","70723691","21217","33.79","83.84"
"30-715344556","PSTOCK16-2788","TAGGCATG+AGGCTTAG","158747332","47625","34.02","84.88"
"30-715344556","PSPRIN15-7454","AAGAGGCA+TACTCCTT","96558591","28968","33.91","84.32"
"30-715344556","PDUCK94T-57","GCTACGCT+TATGCAGT","58429697","17529","33.84","83.73"
"30-715344556","NTC-63218-1","CTCTCTAC+ATAGAGAG","1328785","399","32.41","77.64"
"30-715344556","PHOGAN16-12242","TAGGCATG+AGGCTTAG","104108427","31232","33.66","82.88"
"30-715344556","PAFK14-52","TAGGCATG+CTCCTTAC","98085148","29425","33.65","83.26"
"30-715344556","NTC-63221-1","CAGAGAGG+AGGCTTAG","3928156","1178","34.96","88.94"
"30-715344556","PSTOCK16-8407","GTAGAGGA+TACTCCTT","51076175","15323","32.08","76.56"
"30-715344556","PDUCM91T-51","CGAGGCTG+CTCCTTAC","69642984","20893","33.77","83.43"
"30-715344556","PSTOCK16-7508","AAGAGGCA+TCTACTCT","87569432","26271","33.98","84.8"
"30-715344556","PERB17-151","TCCTGAGC+TCTACTCT","90998044","27299","33.91","84.34"
"30-715344556","PHOGAN15-6008","CGTACTAG+GCGATCTA","90200678","27060","33.54","82.31"
"30-715344556","PSTOCK16-2588","TAGGCATG+TCTACTCT","122402053","36721","33.83","83.93"
"30-715344556","PVFDA15-55","CTCTCTAC+ATAGAGAG","96994171","29098","33.82","83.78"
"30-715344556","PAFK14-91","CGAGGCTG+CTCCTTAC","93977339","28193","33.81","83.97"
"30-715344556","PSTOCK16-7691","AAGAGGCA+AGGCTTAG","141781148","42535","34.04","84.94"
"30-715344556","PGREG14E-29","GCTACGCT+AGAGGATA","41090738","12327","34.21","85.57"
"30-715344556","PVFDA14-99","GTAGAGGA+TACTCCTT","90257657","27078","33.59","82.74"
"30-715344556","PCANN14-8","GCTACGCT+TACTCCTT","47333938","14201","34.06","85.17"
"30-715344556","PAFK13-160","TCCTGAGC+CTCCTTAC","88356418","26507","33.1","80.48"
"30-715344556","PAFK91H-17","GTAGAGGA+TACTCCTT","95567197","28670","34.07","85.26"
"30-715344556","PSTOCK15-2585","TCCTGAGC+GCGATCTA","59164854","17749","33.42","81.83"
"30-715344556","PDUCK14E-17","AAGAGGCA+AGGCTTAG","112506494","33752","33.66","82.99"
"30-715344556","PSTOCK15-7287","CAGAGAGG+TACTCCTT","104309877","31293","33.68","83.27"
"30-715344556","PGREG14E-17","CAGAGAGG+TCTACTCT","79903423","23971","34.11","85.23"
"30-715344556","PVFDA94H-9","TAGGCATG+GCGATCTA","87876920","26363","33.62","82.89"
"30-715344556","PVFDA14-174","TAAGGCGA+TATGCAGT","84968358","25491","33.64","82.94"
"30-715344556","PVFDA94H-12","TAGGCATG+TCTACTCT","96847616","29054","33.87","84.04"
"30-715344556","PGREG94-54","TAGGCATG+TCTACTCT","83815730","25145","33.8","83.55"
"30-715344556","PDUCK94T-52","GCTACGCT+GCGATCTA","65485195","19645","33.78","83.39"
"30-715344556","PCANN14-39","GTAGAGGA+TACTCCTT","101470056","30441","33.42","82.35"
"30-715344556","PSPRIN14-242","GCTACGCT+GCGATCTA","42246467","12674","34.13","85.2"
"30-715344556","PHOGAN16-7418","AGGCAGAA+ATAGAGAG","99875578","29962","33.75","83.54"
"30-715344556","PHOGAN16-11247","TAGGCATG+AGAGGATA","114827801","34448","33.48","82.47"
"30-715344556","PAFK13-152","AGGCAGAA+CTCCTTAC","97536557","29261","33.78","83.94"
"30-715344556","PVFDA94H-16","TAGGCATG+AGGCTTAG","118183395","35455","33.81","83.82"
"30-715344556","PCANN91H-7","TAAGGCGA+AGAGGATA","110068541","33020","33.81","83.9"
"30-715344556","PDUCK13-11","TAAGGCGA+GCGATCTA","91368943","27410","33.73","83.61"
"30-715344556","PHOGAN15-1162","CGAGGCTG+AGAGGATA","84731326","25419","34.09","85.2"
"30-715344556","PAFK14-89","CGAGGCTG+AGAGGATA","94954637","28487","33.87","84.09"
"30-715344556","PGREG14E-13","CTCTCTAC+AGGCTTAG","108475767","32543","33.96","84.44"
"30-715344556","PDUCK14L-40","TAAGGCGA+AGGCTTAG","140060150","42018","33.91","84.35"
"30-715344556","PDUCK94T-9","CTCTCTAC+TATGCAGT","89846162","26954","33.67","83.04"
"30-715344556","PVFDA94H-51","CTCTCTAC+AGAGGATA","110392960","33118","33.86","84.04"
"30-715344556","PVFDA15-160","GCTACGCT+AGGCTTAG","66598519","19980","33.88","83.86"
"30-715344556","PGREG94-59","CTCTCTAC+GCGATCTA","105118042","31536","33.47","81.83"
"30-715344556","PVFDE91H-63","GGACTCCT+AGGCTTAG","96822266","29046","33.52","82.36"
"30-715344556","PVFDA14-49","AAGAGGCA+TATGCAGT","75434492","22630","33.58","82.72"
"30-715344556","PGREG94-68","CAGAGAGG+ATAGAGAG","100253194","30076","33.51","82.14"
"30-715344556","PHOGAN16-8987","TCCTGAGC+TCTACTCT","87615470","26285","34.24","85.94"
"30-715344556","PDUCK14E-16","AAGAGGCA+TACTCCTT","97587913","29277","33.54","82.59"
"30-715344556","PAFK94H-87","TCCTGAGC+CTCCTTAC","25397120","7619","33.65","82.96"
"30-715344556","PSTOCK16-9","TAGGCATG+CTCCTTAC","33816503","10144","32.58","78.65"
"30-715344556","PHOGAN15-3293","GTAGAGGA+AGAGGATA","86349388","25905","33.3","81.8"
"30-715344556","PSTOCK16-2441","TAGGCATG+GCGATCTA","113998379","34200","33.96","84.54"
"30-715344556","PAFK13-155","AGGCAGAA+AGGCTTAG","140327159","42099","33.78","83.91"
"30-715344556","PAFK14-60","CTCTCTAC+CTCCTTAC","101279031","30384","33.62","83.17"
"30-715344556","PAFK91H-68","AGGCAGAA+AGAGGATA","106876282","32063","33.57","83.03"
"30-715344556","PVFDE91H-6","CGTACTAG+TACTCCTT","102739894","30821","33.73","83.25"
"30-715344556","PVFDE91H-55","TCCTGAGC+AGGCTTAG","95159501","28548","33.55","82.34"
"30-715344556","PSPRIN14-130","GGACTCCT+TCTACTCT","77347865","23204","34.44","86.82"
"30-715344556","PDUCK14E-1","CGAGGCTG+GCGATCTA","71457060","21437","33.91","84.16"
"30-715344556","PVFDA94H-10","TAGGCATG+ATAGAGAG","111288815","33386","33.49","82.35"
"30-715344556","PCANN15-58","CGTACTAG+TACTCCTT","165817879","49745","33.29","81.31"
"30-715344556","PAFK13-166","GGACTCCT+AGAGGATA","129139546","38741","33.78","83.98"
"30-715344556","PSTOCK15-1951","AGGCAGAA+AGAGGATA","122766685","36831","33.44","82.13"
"30-715344556","PSTOCK15-3011","TCCTGAGC+AGGCTTAG","94746229","28424","33.68","83.09"
"30-715344556","PERBL91T-53","CGTACTAG+AGGCTTAG","112328395","33698","33.66","82.88"
"30-715344556","PVFDA94H-11","TAGGCATG+AGAGGATA","103602155","31081","33.45","82.19"
"30-715344556","PGREG14L-78","CGAGGCTG+AGGCTTAG","114443176","34333","33.94","84.39"
"30-715344556","PSTOCK16-8040","GTAGAGGA+ATAGAGAG","69378280","20814","32.83","79.79"
"30-715344556","PDUCM91T-3","CAGAGAGG+CTCCTTAC","96656533","28996","33.68","83.04"
"30-715344556","PERBE91T-58","TAAGGCGA+AGAGGATA","112922315","33877","33.38","81.79"
"30-715344556","PCANN14-10","CGAGGCTG+GCGATCTA","80437556","24132","33.72","83.35"
"30-715344556","PDUCK13-20","CGTACTAG+ATAGAGAG","116440881","34933","33.94","84.52"
"30-715344556","PHOGAN16-8239","AGGCAGAA+AGGCTTAG","117153153","35146","33.8","83.76"
"30-715344556","PDUCK14L-7","TAAGGCGA+ATAGAGAG","97580982","29273","33.36","81.98"
"30-715344556","PAFK13-179","TAGGCATG+ATAGAGAG","72609707","21783","33.64","83.2"
"30-715344556","PERB17-138","TCCTGAGC+ATAGAGAG","174758975","52428","33.6","82.97"
"30-715344556","PSTOCK15-8372","CGAGGCTG+AGAGGATA","47128070","14138","33.56","82.53"
"30-715344556","PSTOCK16-7645","AAGAGGCA+TACTCCTT","28122578","8437","31.84","75.48"
"30-715344556","PCANN14-41","CAGAGAGG+GCGATCTA","87150178","26145","33.73","83.55"
"30-715344556","PSTOCK16-5620","CGAGGCTG+ATAGAGAG","21704721","6512","31.9","75.74"
"30-715344556","PVFDE91H-57","GGACTCCT+ATAGAGAG","93505500","28051","33.52","82.37"
"30-715344556","PSTOCK15-2594","TCCTGAGC+ATAGAGAG","126843465","38053","33.73","83.5"
"30-715344556","PAFK14-87","CGAGGCTG+GCGATCTA","76573449","22972","33.91","84.08"
"30-715344556","PERBE91T-7","AAGAGGCA+AGGCTTAG","111776652","33533","33.47","82.05"
"30-715344556","PAFK13-164","GGACTCCT+GCGATCTA","94628538","28389","33.86","84.09"
"30-715344556","PSPRIN14-236","CAGAGAGG+CTCCTTAC","70248211","21074","34.35","86.36"
"30-715344556","PDUCK13-4","GTAGAGGA+GCGATCTA","76531271","22959","33.81","83.74"
"30-715344556","PSPRIN15-7458","GTAGAGGA+GCGATCTA","66382942","19915","32.85","79.02"
"30-715344556","PVFDE91H-53","TCCTGAGC+TATGCAGT","94458900","28338","33.49","82.25"
"30-715344556","PSPRIN14-145","TAGGCATG+ATAGAGAG","108703148","32611","33.72","83.51"
"30-715344556","PCANN91H-9","TAAGGCGA+CTCCTTAC","101427021","30428","33.59","82.82"
"30-715344556","PSTOCK15-7197","CAGAGAGG+CTCCTTAC","83386647","25016","33.63","83.07"
"30-715344556","PAFK14-88","CGAGGCTG+ATAGAGAG","109664182","32899","33.73","83.49"
"30-715344556","PAFK94H-91","GGACTCCT+GCGATCTA","90769435","27230","33.91","84.19"
"30-715344556","PHOGAN15-6167","CGTACTAG+ATAGAGAG","90946713","27284","33.99","84.82"
"30-715344556","PAFK91H-65","CGTACTAG+AGGCTTAG","129816804","38945","34.09","85.25"
"30-715344556","PDUCK14E-3","CGAGGCTG+AGAGGATA","84431682","25329","33.88","84.04"
"30-715344556","PSTOCK16-4748","GCTACGCT+ATAGAGAG","65605266","19681","34.14","85.4"
"30-715344556","PHOGAN15-1128","CGAGGCTG+ATAGAGAG","106220756","31867","33.92","84.38"
"30-715344556","PERBE91T-51","GTAGAGGA+AGAGGATA","99289509","29787","33.34","81.53"
"30-715344556","PHOGAN15-2441","AAGAGGCA+TATGCAGT","84108638","25232","33.58","82.93"
"30-715344556","PHOGAN16-6094","TAAGGCGA+TACTCCTT","156437310","46931","33.71","83.54"
"30-715344556","PSTOCK15-5154","TAGGCATG+TATGCAGT","82000748","24600","33.27","81.31"
"30-715344556","PVFDA14-152","TAAGGCGA+TCTACTCT","77191116","23157","33.81","83.58"
"30-715344556","PCANN91H-17","CGTACTAG+CTCCTTAC","97401302","29220","33.78","83.63"
"30-715344556","PSTOCK16-6480","CGAGGCTG+TACTCCTT","41221372","12366","33.23","81.57"
"30-715344556","PHOGAN16-6637","CGTACTAG+TCTACTCT","83462739","25038","34.24","85.86"
"30-715344556","PSTOCK16-4138","CAGAGAGG+TATGCAGT","157892402","47368","34.06","85.12"
"30-715344556","PGREG94-13","GGACTCCT+AGAGGATA","118315940","35495","33.51","82.32"
"30-715344556","PERB17-148","TCCTGAGC+AGAGGATA","97011458","29104","33.53","82.58"
"30-715344556","PSTOCK16-2452","TAGGCATG+ATAGAGAG","132332834","39699","33.75","83.67"
"30-715344556","PSPRIN14-231","CAGAGAGG+TCTACTCT","71695850","21509","34.45","86.85"
"30-715344556","PSTOCK15-427","TAAGGCGA+TATGCAGT","129293759","38788","33.6","82.94"
"30-715344556","PAFK91H-13","GTAGAGGA+AGAGGATA","106309912","31892","33.78","83.87"
"30-715344556","PSPRIN15-7383","AAGAGGCA+ATAGAGAG","134280650","40284","33.52","82.61"
"30-715344556","PGREG94-6","TCCTGAGC+TCTACTCT","79310835","23793","33.73","83.25"
"30-715344556","PVFDA15-152","CAGAGAGG+AGGCTTAG","98393897","29519","33.78","83.57"
"30-715344556","PHOGAN15-3514","GTAGAGGA+TCTACTCT","97653287","29296","34.17","85.67"
"30-715344556","PVFDA14-51","AAGAGGCA+AGGCTTAG","92803353","27841","33.6","82.84"
"30-715344556","PSTOCK16-7546","AAGAGGCA+CTCCTTAC","137524248","41257","33.92","84.38"
"30-715344556","PERB17-295","GGACTCCT+AGGCTTAG","112815864","33845","33.61","82.97"
"30-715344556","PVFDA94H-17","CTCTCTAC+GCGATCTA","81782184","24535","33.76","83.53"
"30-715344556","PCANN91H-4","CAGAGAGG+TACTCCTT","116841125","35053","33.91","84.58"
"30-715344556","PAFK13-181","TAGGCATG+TCTACTCT","75238366","22571","34.27","86.22"
"30-715344556","PHOGAN15-952","GCTACGCT+AGGCTTAG","66207993","19862","34.3","86.08"
"30-715344556","PSPRIN14-224","CAGAGAGG+ATAGAGAG","87782388","26335","33.99","84.55"
"30-715344556","PERB17-111","AGGCAGAA+CTCCTTAC","97739184","29321","32.88","79.84"
"30-715344556","PVFDA14-102","CAGAGAGG+ATAGAGAG","94954016","28487","33.93","84.32"
"30-715344556","PCANN14-12","CGAGGCTG+AGAGGATA","96799027","29040","33.97","84.79"
"30-715344556","PSTOCK16-3219","CTCTCTAC+TATGCAGT","146376672","43913","34.17","85.62"
"30-715344556","PSTOCK16-84","TCCTGAGC+AGAGGATA","47358881","14208","33.35","81.96"
"30-715344556","PCANN15-109","AGGCAGAA+AGGCTTAG","148203086","44461","33.61","82.72"
"30-715344556","PVFDA14-4","CGAGGCTG+AGGCTTAG","98725120","29617","34.19","85.49"
"30-715344556","PGREG94-67","CAGAGAGG+GCGATCTA","86329125","25899","33.65","82.75"
"30-715344556","PDUCK94T-8","CTCTCTAC+CTCCTTAC","95162040","28549","33.42","81.9"
"30-715344556","PSPRIN14-151","TAGGCATG+CTCCTTAC","102858171","30857","33.91","84.31"
"30-715344556","PSTOCK16-1523","TAGGCATG+TATGCAGT","12227653","3668","30.64","70.26"
"30-715344556","PVFDA15-158","GCTACGCT+TATGCAGT","58670585","17602","33.79","83.54"
"30-715344556","PCANN14-29","AAGAGGCA+CTCCTTAC","96725903","29018","33.69","83.52"
"30-715344556","PSTOCK15-367","TAAGGCGA+CTCCTTAC","100202833","30061","33.62","82.87"
"30-715344556","PDUCK14L-45","CGTACTAG+CTCCTTAC","102305276","30692","33.94","84.48"
"30-715344556","PHOGAN16-12379","CTCTCTAC+ATAGAGAG","65462591","19639","33.32","81.82"
"30-715344556","PVFDA15-153","GCTACGCT+GCGATCTA","46547145","13964","33.79","83.38"
"30-715344556","NTC-63213-1","GTAGAGGA+AGGCTTAG","1717844","515","32.44","77.59"
"30-715344556","PAFK91H-7","AAGAGGCA+CTCCTTAC","108303431","32491","33.7","83.52"
"30-715344556","PHOGAN16-11197","TAGGCATG+GCGATCTA","77061829","23118","33.43","81.64"
"30-715344556","PDUCK14L-1","GTAGAGGA+AGAGGATA","105890102","31766","33.55","82.62"
"30-715344556","PERBE91T-6","AAGAGGCA+TACTCCTT","87966681","26391","33.27","81.25"
"30-715344556","PGREG14L-82","AAGAGGCA+TCTACTCT","122790102","36837","33.87","84.13"
"30-715344556","PVFDA15-53","TAGGCATG+AGGCTTAG","115067654","34520","33.67","83.06"
"30-715344556","PSPRIN14-241","CAGAGAGG+AGGCTTAG","101289657","30386","34.05","85.04"
"30-715344556","PVFDA15-156","GCTACGCT+TCTACTCT","48058300","14418","33.99","84.38"
"30-715344556","PDUCK14E-13","AAGAGGCA+TCTACTCT","52590362","15777","33.6","82.68"
"30-715344556","PDUCK13-18","TAAGGCGA+AGGCTTAG","114198328","34260","33.87","84.28"
"30-715344556","PAFK14-59","CTCTCTAC+TCTACTCT","89742616","26923","34.12","85.42"
"30-715344556","PAFK91H-64","CGTACTAG+TACTCCTT","101748310","30525","33.96","84.74"
"30-715344556","NTC-63218-2","GTAGAGGA+AGGCTTAG","63443428","19033","34.27","86.13"
"30-715344556","PAFK91H-16","GTAGAGGA+TATGCAGT","98279158","29484","34.01","85.01"
"30-715344556","PGREG14L-81","AAGAGGCA+AGAGGATA","69461568","20839","33.99","84.66"
"30-715344556","PSTOCK15-6693","CAGAGAGG+GCGATCTA","78856532","23658","33.72","83.46"
"30-715344556","PSPRIN15-9905","GTAGAGGA+CTCCTTAC","123054011","36916","33.83","84.16"
"30-715344556","PDUCM91T-59","AAGAGGCA+CTCCTTAC","97047503","29114","33.3","81.37"
"30-715344556","PSPRIN15-4917","CGAGGCTG+CTCCTTAC","82396423","24719","34.05","84.98"
"30-715344556","PCANN91H-1","CAGAGAGG+TCTACTCT","77917217","23376","34.34","86.55"
"30-715344556","PAFK13-157","TCCTGAGC+ATAGAGAG","92751304","27825","33.96","84.83"
"30-715344556","PSTOCK15-8269","GCTACGCT+AGGCTTAG","84646533","25394","33.94","84.36"
"30-715344556","PVFDA15-102","CTCTCTAC+AGGCTTAG","138696891","41610","33.73","83.32"
"30-715344556","PHOGAN16-12857","CTCTCTAC+TCTACTCT","78724475","23617","34.28","86.02"
"30-715344556","PGREG94-5","TCCTGAGC+AGAGGATA","93659621","28098","33.44","81.98"
"30-715344556","PAFK13-180","TAGGCATG+AGAGGATA","87498365","26250","33.8","84.01"
"30-715344556","PHOGAN16-9397","TCCTGAGC+TACTCCTT","62999455","18901","31.94","73.99"
"30-715344556","PDUCK14E-4","CGAGGCTG+TCTACTCT","74246799","22274","34.04","84.73"
"30-715344556","PDUCK14L-41","CGTACTAG+GCGATCTA","109989382","32997","34.04","84.86"
"30-715344556","PHOGAN15-2780","AAGAGGCA+AGGCTTAG","131536373","39461","33.73","83.51"
"30-715344556","PERBE91T-2","AAGAGGCA+AGAGGATA","90671403","27201","33.84","83.69"
"30-715344556","PVFDA15-4","GGACTCCT+AGGCTTAG","98981350","29694","33.69","83.14"
"30-715344556","PGREG94-16","GGACTCCT+TATGCAGT","84369922","25311","33.63","82.9"
"30-715344556","PAFK13-184","TAGGCATG+TACTCCTT","97732927","29320","33.69","83.41"
"30-715344556","PAFK94H-86","TCCTGAGC+TCTACTCT","65652945","19695","34.3","86.2"
"30-715344556","NTC-63215-1","GTAGAGGA+AGGCTTAG","3028257","909","32.49","78.34"
"30-715344556","PGREG94-65","CTCTCTAC+TACTCCTT","101977694","30594","33.65","82.94"
"30-715344556","PSTOCK16-7657","AAGAGGCA+GCGATCTA","68100413","20431","34.8","88.29"
"30-715344556","PCANN15-4","TAAGGCGA+TCTACTCT","107216657","32165","33.81","83.72"
"30-715344556","PCANN14-5","GCTACGCT+TCTACTCT","39493445","11849","34.19","85.65"
"30-715344556","PVFDA94H-8","GGACTCCT+AGGCTTAG","144280259","43284","33.9","84.26"
"30-715344556","PHOGAN16-10901","GGACTCCT+TATGCAGT","126285821","37885","34.03","85"
"30-715344556","PGREG94-56","TAGGCATG+TATGCAGT","75737434","22721","33.26","81.2"
"30-715344556","PAFK13-161","TCCTGAGC+TATGCAGT","97962514","29389","34","85.03"
"30-715344556","PAFK13-168","GGACTCCT+CTCCTTAC","99783723","29935","33.84","84.23"
"30-715344556","PDUCM91T-56","AAGAGGCA+ATAGAGAG","87099305","26130","33.33","81.5"
"30-715344556","PAFK13-165","GGACTCCT+ATAGAGAG","128555776","38567","33.76","83.97"
"30-715344556","PAFK14-84","GCTACGCT+TATGCAGT","67836101","20351","34.03","84.91"
"30-715344556","PVFDA14-100","GTAGAGGA+AGGCTTAG","96185312","28856","33.83","83.88"
"30-715344556","PDUCK14L-3","GTAGAGGA+CTCCTTAC","72354629","21706","33.39","81.94"
"30-715344556","NTC-63216-2","GGACTCCT+TACTCCTT","11984703","3595","34.67","87.8"
"30-715344556","PDUCK94T-51","CAGAGAGG+AGGCTTAG","113272061","33982","33.57","82.55"
"30-715344556","PCANN91H-6","TAAGGCGA+ATAGAGAG","110853276","33256","33.55","82.71"
"30-715344556","PAFK91H-62","CGTACTAG+CTCCTTAC","91465787","27440","33.87","84.32"
"30-715344556","PHOGAN16-5399","TAAGGCGA+CTCCTTAC","101917140","30575","33.74","83.71"
"30-715344556","PVFDA14-149","TAAGGCGA+GCGATCTA","103112953","30934","33.38","81.37"
"30-715344556","PDUCM91T-66","GTAGAGGA+TCTACTCT","81687318","24506","33.68","83.09"
"30-715344556","PHOGAN15-5877","TAAGGCGA+AGGCTTAG","124830786","37449","33.49","82.24"
"30-715344556","PERBE91T-8","GTAGAGGA+GCGATCTA","56279628","16884","33.39","81.12"
"30-715344556","PSTOCK15-271","TAAGGCGA+TCTACTCT","99403930","29821","33.74","83.42"
"30-715344556","PCANN91H-55","AGGCAGAA+AGAGGATA","110221525","33066","33.55","82.64"
"30-715344556","PCANN14-1","CTCTCTAC+AGGCTTAG","119346511","35803","33.84","84.22"
"30-715344556","PDUCK13-16","TAAGGCGA+TATGCAGT","146141006","43842","34.02","84.98"
"30-715344556","PGREG14E-15","CAGAGAGG+ATAGAGAG","60368744","18110","33.98","84.62"
"30-715344556","PAFK94H-77","AGGCAGAA+AGAGGATA","98424330","29527","33.66","83.35"
"30-715344556","PHOGAN15-4305","TAAGGCGA+GCGATCTA","85855173","25757","33.38","81.58"
"30-715344556","PVFDA15-56","CTCTCTAC+AGAGGATA","90161753","27049","33.77","83.54"
"30-715344556","PSTOCK16-3400","CTCTCTAC+AGGCTTAG","37345344","11204","31.84","75.56"
"30-715344556","PGREG94-15","GGACTCCT+CTCCTTAC","88631066","26589","33.35","81.57"
"30-715344556","PAFK94H-79","AGGCAGAA+CTCCTTAC","107254329","32176","33.71","83.55"
"30-715344556","PCANN14-4","GCTACGCT+AGAGGATA","57274054","17182","34.04","85.09"
"30-715344556","PCANN91H-64","TCCTGAGC+TCTACTCT","91270811","27381","33.97","84.48"
"30-715344556","PHOGAN15-8901","TCCTGAGC+TCTACTCT","87611042","26284","34.16","85.49"
"30-715344556","PCANN14-15","CGAGGCTG+TATGCAGT","88767188","26630","34.11","85.46"
"30-715344556","PCANN15-53","CGTACTAG+ATAGAGAG","81450932","24436","33.81","83.67"
"30-715344556","PSTOCK16-1799","GGACTCCT+TCTACTCT","61271436","18382","33.81","84.09"
"30-715344556","PDUCK13-21","CGTACTAG+AGAGGATA","120634253","36190","34.01","84.81"
"30-715344556","PVFDA15-51","TAGGCATG+TATGCAGT","72679418","21804","33.7","83.22"
"30-715344556","PDUCK13-37","CGTACTAG+TACTCCTT","133205193","39962","33.92","84.28"
"30-715344556","PSTOCK16-1038","TCCTGAGC+TACTCCTT","55367826","16610","32.95","79.31"
"30-715344556","PSPRIN15-2484","GCTACGCT+TATGCAGT","20256005","6077","33.87","84.21"
"30-715344556","PVFDA94H-15","TAGGCATG+TACTCCTT","93282688","27985","33.51","82.36"
"30-715344556","PCANN15-162","GGACTCCT+TCTACTCT","74492488","22348","33.98","84.47"
"30-715344556","PDUCM91T-2","CAGAGAGG+TCTACTCT","69150281","20745","33.92","84.08"
"30-715344556","PDUCK94T-54","GCTACGCT+AGAGGATA","69046158","20713","33.81","83.6"
"30-715344556","PSTOCK15-7031","CAGAGAGG+TCTACTCT","99764133","29929","34.08","85.07"
"30-715344556","PCANN91H-12","TAAGGCGA+AGGCTTAG","127935791","38382","33.75","83.58"
"30-715344556","PERB17-110","AGGCAGAA+TCTACTCT","93249984","27975","33.73","83.54"
"30-715344556","PAFK13-186","CTCTCTAC+GCGATCTA","92281219","27685","33.47","82.1"
"30-715344556","PVFDE91H-66","TAGGCATG+AGAGGATA","101404353","30422","33.26","81.2"
"30-715344556","PHOGAN16-3011","GTAGAGGA+ATAGAGAG","113257818","33977","33.56","82.78"
"30-715344556","PSTOCK15-1553","AGGCAGAA+GCGATCTA","103934670","31181","33.55","82.58"
"30-715344556","PSTOCK16-6466","CGAGGCTG+TATGCAGT","145872306","43762","34.22","85.83"
"30-715344556","PSTOCK15-2625","TCCTGAGC+AGAGGATA","111640236","33492","33.65","83.14"
"30-715344556","PVFDA15-5","TAGGCATG+GCGATCTA","93441878","28033","33.63","82.88"
"30-715344556","PHOGAN15-6885","AGGCAGAA+GCGATCTA","79695870","23909","33.63","83.13"
"30-715344556","PDUCM91T-55","AAGAGGCA+GCGATCTA","84187889","25257","33.25","80.76"
"30-715344556","PGREG14L-75","CGAGGCTG+CTCCTTAC","68618304","20586","33.88","84.21"
"30-715344556","PERBL91T-55","AGGCAGAA+ATAGAGAG","117113008","35134","33.47","82.13"
"30-715344556","PVFDA15-1","GGACTCCT+CTCCTTAC","94579927","28374","33.56","82.56"
"30-715344556","PAFK14-56","CTCTCTAC+GCGATCTA","114809803","34443","33.65","82.72"
"30-715344556","PHOGAN15-8687","TCCTGAGC+ATAGAGAG","133182377","39954","33.82","84.08"
"30-715344556","PAFK14-92","CGAGGCTG+TATGCAGT","78441824","23533","33.98","84.76"
"30-715344556","PDUCK94T-17","CAGAGAGG+TATGCAGT","84622961","25387","33.53","82.39"
"30-715344556","PCANN14-31","AAGAGGCA+TACTCCTT","103382967","31016","33.64","83.23"
"30-715344556","PVFDE91H-65","TAGGCATG+ATAGAGAG","88799369","26640","33.55","82.46"
"30-715344556","PAFK91H-53","TAAGGCGA+TCTACTCT","98645084","29594","34.06","85.24"
"30-715344556","PSTOCK16-3121","CTCTCTAC+TCTACTCT","116158147","34848","34.21","85.85"
"30-715344556","PHOGAN16-958","AAGAGGCA+ATAGAGAG","79739727","23922","33.47","82.34"
"30-715344556","PHOGAN15-290","CAGAGAGG+TATGCAGT","52644617","15794","33.72","83.62"
"30-715344556","PGREG14E-6","CTCTCTAC+AGAGGATA","70288460","21087","33.98","84.64"
"30-715344556","PSTOCK16-4319","CAGAGAGG+TACTCCTT","64616193","19385","34.35","86.21"
"30-715344556","PHOGAN16-3042","GTAGAGGA+TCTACTCT","85876328","25763","33.78","83.78"
"30-715344556","PVFDA14-53","GTAGAGGA+ATAGAGAG","108741644","32623","33.32","81.65"
"30-715344556","PAFK94H-97","GGACTCCT+TACTCCTT","126980543","38094","33.57","82.91"
"30-715344556","NTC-63223-2","GTAGAGGA+AGGCTTAG","3958586","1187","34.14","85.22"
"30-715344556","PHOGAN15-509","GCTACGCT+AGAGGATA","43334736","13000","34.27","85.96"
"30-715344556","PDUCM91T-11","GCTACGCT+CTCCTTAC","49339125","14802","33.82","83.53"
"30-715344556","PAFK14-54","TAGGCATG+TACTCCTT","114609505","34383","33.37","81.94"
"30-715344556","PSTOCK16-4077","CAGAGAGG+CTCCTTAC","114131100","34238","33.95","84.48"
"30-715344556","PHOGAN15-7115","AGGCAGAA+AGAGGATA","147571182","44271","33.31","81.78"
"30-715344556","PAFK14-76","CAGAGAGG+TATGCAGT","118916688","35675","33.82","84.03"
"30-715344556","PSTOCK16-3330","CTCTCTAC+TACTCCTT","32798948","9839","33.28","81.61"
"30-715344556","PSPRIN15-9955","TAAGGCGA+CTCCTTAC","109615920","32884","33.73","83.73"
"30-715344556","PDUCK14L-5","GTAGAGGA+TACTCCTT","98187074","29456","33.63","82.97"
"30-715344556","PSTOCK16-6507","CGAGGCTG+AGGCTTAG","75595398","22679","33.45","82.47"
"30-715344556","PSPRIN15-2504","CGAGGCTG+GCGATCTA","88389739","26516","33.89","83.99"
"30-715344556","PCANN15-56","CGTACTAG+CTCCTTAC","97556021","29266","33.62","82.83"
"30-715344556","PSTOCK16-878","TCCTGAGC+CTCCTTAC","51794450","15539","33.46","82.25"
"30-715344556","PCANN15-110","TCCTGAGC+GCGATCTA","64807095","19443","33.51","82.24"
"30-715344556","PAFK91H-60","CGTACTAG+AGAGGATA","117602727","35281","33.95","84.69"
"30-715344556","PHOGAN16-4512","TAAGGCGA+ATAGAGAG","114368133","34311","33.83","83.98"
"30-715344556","PCANN15-157","TCCTGAGC+TACTCCTT","97445280","29234","31.82","74.25"
"30-715344556","PAFK91H-3","AAGAGGCA+GCGATCTA","92456175","27737","33.72","83.17"
"30-715344556","PVFDA94H-61","GCTACGCT+CTCCTTAC","37175116","11152","33.8","83.61"
"30-715344556","PGREG14L-80","AAGAGGCA+ATAGAGAG","99422926","29827","33.72","83.39"
"30-715344556","PGREG94-14","GGACTCCT+TCTACTCT","72797799","21839","33.7","83.14"
"30-715344556","PGREG94-62","CTCTCTAC+TCTACTCT","89419363","26826","33.88","83.96"
"30-715344556","PDUCK94T-63","CGAGGCTG+TCTACTCT","63274992","18983","34.01","84.48"
"30-715344556","PERBL91T-8","CGTACTAG+TCTACTCT","87741824","26322","33.83","83.67"
"30-715344556","PVFDE91H-60","GGACTCCT+CTCCTTAC","1006215","302","31.99","75.35"
"30-715344556","PSPRIN15-9903","GTAGAGGA+TCTACTCT","89437852","26831","34.07","85.19"
"30-715344556","PSPRIN14-101","GGACTCCT+ATAGAGAG","86363894","25909","34.05","85.14"
"30-715344556","PDUCK13-13","TAAGGCGA+AGAGGATA","142594473","42779","33.93","84.59"
"30-715344556","PVFDE91H-18","TCCTGAGC+AGAGGATA","98689883","29607","33.5","82.25"
"30-715344556","PVFDA14-101","CAGAGAGG+GCGATCTA","94015882","28205","34.12","85.17"
"30-715344556","PCANN15-60","AGGCAGAA+GCGATCTA","86993760","26098","33.4","81.78"
"30-715344556","PSTOCK16-2813","CTCTCTAC+GCGATCTA","106190414","31857","34.09","85.22"
"30-715344556","PHOGAN16-12157","TAGGCATG+TATGCAGT","84138472","25241","34.02","84.87"
"30-715344556","PSTOCK15-7716","GCTACGCT+TATGCAGT","78650096","23595","34.01","84.62"
"30-715344556","PDUCK13-34","CGTACTAG+TATGCAGT","136560675","40968","34.2","85.6"
"30-715344556","PERBL91T-1","TAAGGCGA+CTCCTTAC","98514725","29554","33.44","82.06"
"30-715344556","PSTOCK15-502","TAAGGCGA+TACTCCTT","141203651","42361","33.6","82.93"
"30-715344556","PCANN15-54","CGTACTAG+AGAGGATA","89727837","26918","33.7","83.14"
"30-715344556","PHOGAN16-2413","AAGAGGCA+TACTCCTT","125179108","37554","33.25","81.08"
"30-715344556","PCANN14-33","GTAGAGGA+GCGATCTA","83660988","25098","33.35","81.24"
"30-715344556","PERBE91T-53","GTAGAGGA+CTCCTTAC","102073305","30622","33.35","81.66"
"30-715344556","PVFDA94H-60","GCTACGCT+TCTACTCT","27696441","8309","34.03","84.61"
"30-715344556","PSTOCK15-1527","CGTACTAG+TATGCAGT","130118019","39036","33.91","84.28"
"30-715344556","PVFDA15-103","CAGAGAGG+GCGATCTA","78282718","23485","33.69","83.11"
"30-715344556","PHOGAN16-8056","AGGCAGAA+TATGCAGT","127784387","38335","33.92","84.44"
"30-715344556","PSTOCK15-4193","TAGGCATG+GCGATCTA","118867632","35660","33.56","82.68"
"30-715344556","PDUCK14L-2","GTAGAGGA+TCTACTCT","80467830","24140","33.66","83.09"
"30-715344556","PAFK14-90","CGAGGCTG+TCTACTCT","76554416","22966","34.26","85.88"
"30-715344556","PVFDA94H-53","CTCTCTAC+CTCCTTAC","102355028","30706","33.79","83.57"
"30-715344556","PDUCK94T-15","CAGAGAGG+TCTACTCT","66171183","19851","33.7","83.06"
"30-715344556","PSPRIN15-7387","AAGAGGCA+AGAGGATA","126993841","38098","33.53","82.75"
"30-715344556","PAFK94H-67","CGTACTAG+GCGATCTA","101873714","30562","33.74","83.33"
"30-715344556","PDUCK94T-5","CTCTCTAC+ATAGAGAG","149809312","44943","33.47","82.19"
"30-715344556","PGREG94-57","TAGGCATG+TACTCCTT","75833188","22749","33.3","81.34"
"30-715344556","PDUCK14L-37","TAAGGCGA+CTCCTTAC","115147599","34544","33.57","82.84"
"30-715344556","PGREG94-64","CTCTCTAC+TATGCAGT","80141286","24042","33.67","82.99"
"30-715344556","PCANN15-161","GGACTCCT+AGAGGATA","1455122","437","32.33","77.01"
"30-715344556","PSPRIN14-172","CTCTCTAC+GCGATCTA","46237202","13872","33.66","82.82"
"30-715344556","PAFK94H-85","TCCTGAGC+AGAGGATA","91376068","27412","33.88","84.34"
"30-715344556","PHOGAN15-6377","CGTACTAG+CTCCTTAC","102538398","30762","33.88","84.23"
"30-715344556","PSPRIN15-4961","CGAGGCTG+AGGCTTAG","101862665","30559","34.04","84.84"
"30-715344556","PVFDA94H-66","CGAGGCTG+ATAGAGAG","94576992","28372","34.15","85.36"
"30-715344556","PERBL91T-51","CGTACTAG+TATGCAGT","82522152","24757","33.78","83.47"
"30-715344556","PDUCK94T-2","TAGGCATG+TACTCCTT","86324633","25898","33.28","81.23"
"30-715344556","PGREG94-52","TAGGCATG+ATAGAGAG","93131394","27940","33.26","81.19"
"30-715344556","PVFDE91H-14","AGGCAGAA+TACTCCTT","85034017","25510","33.43","81.89"
"30-715344556","PAFK94H-93","GGACTCCT+AGAGGATA","81436505","24430","33.92","84.52"
"30-715344556","PGREG14L-83","AAGAGGCA+CTCCTTAC","145372363","43612","34.09","85.03"
"30-715344556","PERB17-384","CTCTCTAC+GCGATCTA","117192786","35158","33.77","83.67"
"30-715344556","PCANN15-3","TAAGGCGA+AGAGGATA","93799925","28140","33.4","81.8"
"30-715344556","PVFDA94H-64","GCTACGCT+AGGCTTAG","42709468","12812","33.87","83.93"
"30-715344556","PERBL91T-3","TAAGGCGA+TACTCCTT","112323413","33697","33.34","81.59"
"30-715344556","PHOGAN15-6248","CGTACTAG+AGAGGATA","112836929","33851","33.85","84.19"
"30-715344556","PDUCK13-50","CGTACTAG+AGGCTTAG","125359800","37608","34.38","86.55"
"30-715344556","PVFDA14-150","TAAGGCGA+ATAGAGAG","115621872","34686","33.54","82.5"
"30-715344556","PSTOCK15-5645","CTCTCTAC+AGAGGATA","89904212","26971","33.55","82.59"
"30-715344556","PCANN14-38","GTAGAGGA+TATGCAGT","91955706","27586","33.56","83.04"
"30-715344556","PSTOCK16-983","TCCTGAGC+TATGCAGT","17433006","5230","32.28","77.39"
"30-715344556","PDUCK13-22","CGTACTAG+TCTACTCT","108311294","32494","34.08","85.16"
"30-715344556","PAFK13-153","AGGCAGAA+TATGCAGT","109411677","32824","33.79","84.01"
"30-715344556","PAFK13-154","AGGCAGAA+TACTCCTT","134708294","40413","33.64","83.34"
"30-715344556","PERB17-263","GGACTCCT+TCTACTCT","86829376","26049","33.66","83.28"